--------- beginning of crash
09-22 22:06:04.162  3327  3327 F libc    : Fatal signal 11 (SIGSEGV), code 1 (SEGV_MAPERR), fault addr 0x75514090fbe0 in tid 3327 (Shutdown thread), pid 3327 (Shutdown thread)
09-22 22:06:04.221  3346  3346 F DEBUG   : *** *** *** *** *** *** *** *** *** *** *** *** *** *** *** ***
09-22 22:06:04.221  3346  3346 F DEBUG   : Build fingerprint: 'Samsung/r9q/r9q:15/V417IR/972:user/release-keys'
09-22 22:06:04.221  3346  3346 F DEBUG   : Revision: '0'
09-22 22:06:04.221  3346  3346 F DEBUG   : ABI: 'x86_64'
09-22 22:06:04.221  3346  3346 F DEBUG   : Timestamp: 2026-09-22 22:06:04.179406731+0800
09-22 22:06:04.221  3346  3346 F DEBUG   : Process uptime: 3s
09-22 22:06:04.221  3346  3346 F DEBUG   : Cmdline: uiautomator
09-22 22:06:04.221  3346  3346 F DEBUG   : pid: 3327, tid: 3327, name: Shutdown thread  >>> uiautomator <<<
09-22 22:06:04.221  3346  3346 F DEBUG   : uid: 2000
09-22 22:06:04.221  3346  3346 F DEBUG   : signal 11 (SIGSEGV), code 1 (SEGV_MAPERR), fault addr 0x000075514090fbe0
09-22 22:06:04.221  3346  3346 F DEBUG   :     rax 0000000000000000  rbx 000075541d30389c  rcx 0000000000000001  rdx 0000000000000002
09-22 22:06:04.221  3346  3346 F DEBUG   :     r8  0000000000000020  r9  0000000000020002  r10 0000000000000001  r11 0000000000000206
09-22 22:06:04.221  3346  3346 F DEBUG   :     r12 0000000000001000  r13 00000000000005b7  r14 000075514090fbe0  r15 0000000000008928
09-22 22:06:04.221  3346  3346 F DEBUG   :     rdi 0000755140cd5ee8  rsi 0000000000001000
09-22 22:06:04.221  3346  3346 F DEBUG   :     rbp 00007ffc52168740  rsp 00007ffc521686d8  rip 000075514090fbe0
09-22 22:06:04.221  3346  3346 F DEBUG   : 4 total frames
09-22 22:06:04.221  3346  3346 F DEBUG   : backtrace:
09-22 22:06:04.221  3346  3346 F DEBUG   :       #00 pc 000075514090fbe0  <unknown>
09-22 22:06:04.221  3346  3346 F DEBUG   :       #01 pc 000000000005846f  /apex/com.android.runtime/lib64/bionic/libc.so (__cxa_finalize+287) (BuildId: 52bc34193ef6f6311bbb44f2305d1b1d)
09-22 22:06:04.221  3346  3346 F DEBUG   :       #02 pc 000000000005c83f  /apex/com.android.runtime/lib64/bionic/libc.so (exit+31) (BuildId: 52bc34193ef6f6311bbb44f2305d1b1d)
09-22 22:06:04.221  3346  3346 F DEBUG   :       #03 pc 00000000000520dc  /apex/com.android.runtime/lib64/bionic/libc.so (__libc_init+124) (BuildId: 52bc34193ef6f6311bbb44f2305d1b1d)
09-22 22:07:00.491  3385  3385 F libc    : Fatal signal 11 (SIGSEGV), code 1 (SEGV_MAPERR), fault addr 0x7a5b9e4b9be0 in tid 3385 (Shutdown thread), pid 3385 (Shutdown thread)
09-22 22:07:00.537  3403  3403 F DEBUG   : *** *** *** *** *** *** *** *** *** *** *** *** *** *** *** ***
09-22 22:07:00.537  3403  3403 F DEBUG   : Build fingerprint: 'Samsung/r9q/r9q:15/V417IR/972:user/release-keys'
09-22 22:07:00.537  3403  3403 F DEBUG   : Revision: '0'
09-22 22:07:00.537  3403  3403 F DEBUG   : ABI: 'x86_64'
09-22 22:07:00.537  3403  3403 F DEBUG   : Timestamp: 2026-09-22 22:07:00.504654457+0800
09-22 22:07:00.537  3403  3403 F DEBUG   : Process uptime: 3s
09-22 22:07:00.537  3403  3403 F DEBUG   : Cmdline: uiautomator
09-22 22:07:00.537  3403  3403 F DEBUG   : pid: 3385, tid: 3385, name: Shutdown thread  >>> uiautomator <<<
09-22 22:07:00.537  3403  3403 F DEBUG   : uid: 2000
09-22 22:07:00.537  3403  3403 F DEBUG   : signal 11 (SIGSEGV), code 1 (SEGV_MAPERR), fault addr 0x00007a5b9e4b9be0
09-22 22:07:00.537  3403  3403 F DEBUG   :     rax 0000000000000000  rbx 00007a5e62f3689c  rcx 0000000000000001  rdx 0000000000000002
09-22 22:07:00.537  3403  3403 F DEBUG   :     r8  0000000000000020  r9  0000000000020002  r10 0000000000000001  r11 0000000000000206
09-22 22:07:00.537  3403  3403 F DEBUG   :     r12 0000000000001000  r13 00000000000005b7  r14 00007a5b9e4b9be0  r15 0000000000008928
09-22 22:07:00.537  3403  3403 F DEBUG   :     rdi 00007a5b9e87fee8  rsi 0000000000001000
09-22 22:07:00.537  3403  3403 F DEBUG   :     rbp 00007ffe4e8b4550  rsp 00007ffe4e8b44e8  rip 00007a5b9e4b9be0
09-22 22:07:00.537  3403  3403 F DEBUG   : 4 total frames
09-22 22:07:00.537  3403  3403 F DEBUG   : backtrace:
09-22 22:07:00.537  3403  3403 F DEBUG   :       #00 pc 00007a5b9e4b9be0  <unknown>
09-22 22:07:00.537  3403  3403 F DEBUG   :       #01 pc 000000000005846f  /apex/com.android.runtime/lib64/bionic/libc.so (__cxa_finalize+287) (BuildId: 52bc34193ef6f6311bbb44f2305d1b1d)
09-22 22:07:00.537  3403  3403 F DEBUG   :       #02 pc 000000000005c83f  /apex/com.android.runtime/lib64/bionic/libc.so (exit+31) (BuildId: 52bc34193ef6f6311bbb44f2305d1b1d)
09-22 22:07:00.537  3403  3403 F DEBUG   :       #03 pc 00000000000520dc  /apex/com.android.runtime/lib64/bionic/libc.so (__libc_init+124) (BuildId: 52bc34193ef6f6311bbb44f2305d1b1d)
09-22 22:07:10.824  3427  3427 F libc    : Fatal signal 11 (SIGSEGV), code 2 (SEGV_ACCERR), fault addr 0x78b083090be0 in tid 3427 (Shutdown thread), pid 3427 (Shutdown thread)
09-22 22:07:11.054  3447  3447 F DEBUG   : *** *** *** *** *** *** *** *** *** *** *** *** *** *** *** ***
09-22 22:07:11.054  3447  3447 F DEBUG   : Build fingerprint: 'Samsung/r9q/r9q:15/V417IR/972:user/release-keys'
09-22 22:07:11.054  3447  3447 F DEBUG   : Revision: '0'
09-22 22:07:11.054  3447  3447 F DEBUG   : ABI: 'x86_64'
09-22 22:07:11.054  3447  3447 F DEBUG   : Timestamp: 2026-09-22 22:07:10.935171349+0800
09-22 22:07:11.054  3447  3447 F DEBUG   : Process uptime: 4s
09-22 22:07:11.054  3447  3447 F DEBUG   : Cmdline: uiautomator
09-22 22:07:11.054  3447  3447 F DEBUG   : pid: 3427, tid: 3427, name: Shutdown thread  >>> uiautomator <<<
09-22 22:07:11.054  3447  3447 F DEBUG   : uid: 2000
09-22 22:07:11.054  3447  3447 F DEBUG   : signal 11 (SIGSEGV), code 2 (SEGV_ACCERR), fault addr 0x000078b083090be0
09-22 22:07:11.054  3447  3447 F DEBUG   : Cause: trying to execute non-executable memory.
09-22 22:07:11.054  3447  3447 F DEBUG   :     rax 0000000000000000  rbx 000078b374f7989c  rcx 0000000000000001  rdx 0000000000000002
09-22 22:07:11.054  3447  3447 F DEBUG   :     r8  000078b374f70fa4  r9  000000000000331b  r10 0000000000000000  r11 0000000000000206
09-22 22:07:11.054  3447  3447 F DEBUG   :     r12 0000000000001000  r13 00000000000005b7  r14 000078b083090be0  r15 0000000000008928
09-22 22:07:11.054  3447  3447 F DEBUG   :     rdi 000078b083456ee8  rsi 0000000000001000
09-22 22:07:11.054  3447  3447 F DEBUG   :     rbp 00007ffe8ef02560  rsp 00007ffe8ef024f8  rip 000078b083090be0
09-22 22:07:11.054  3447  3447 F DEBUG   : 4 total frames
09-22 22:07:11.054  3447  3447 F DEBUG   : backtrace:
09-22 22:07:11.054  3447  3447 F DEBUG   :       #00 pc 0000000000a90be0  <anonymous:78b082600000>
09-22 22:07:11.054  3447  3447 F DEBUG   :       #01 pc 000000000005846f  /apex/com.android.runtime/lib64/bionic/libc.so (__cxa_finalize+287) (BuildId: 52bc34193ef6f6311bbb44f2305d1b1d)
09-22 22:07:11.054  3447  3447 F DEBUG   :       #02 pc 000000000005c83f  /apex/com.android.runtime/lib64/bionic/libc.so (exit+31) (BuildId: 52bc34193ef6f6311bbb44f2305d1b1d)
09-22 22:07:11.054  3447  3447 F DEBUG   :       #03 pc 00000000000520dc  /apex/com.android.runtime/lib64/bionic/libc.so (__libc_init+124) (BuildId: 52bc34193ef6f6311bbb44f2305d1b1d)
09-22 22:07:24.230  3470  3470 F libc    : Fatal signal 11 (SIGSEGV), code 1 (SEGV_MAPERR), fault addr 0x75c59429ebe0 in tid 3470 (Shutdown thread), pid 3470 (Shutdown thread)
09-22 22:07:24.342  3489  3489 F DEBUG   : *** *** *** *** *** *** *** *** *** *** *** *** *** *** *** ***
09-22 22:07:24.343  3489  3489 F DEBUG   : Build fingerprint: 'Samsung/r9q/r9q:15/V417IR/972:user/release-keys'
09-22 22:07:24.343  3489  3489 F DEBUG   : Revision: '0'
09-22 22:07:24.343  3489  3489 F DEBUG   : ABI: 'x86_64'
09-22 22:07:24.343  3489  3489 F DEBUG   : Timestamp: 2026-09-22 22:07:24.272891389+0800
09-22 22:07:24.343  3489  3489 F DEBUG   : Process uptime: 5s
09-22 22:07:24.343  3489  3489 F DEBUG   : Cmdline: uiautomator
09-22 22:07:24.343  3489  3489 F DEBUG   : pid: 3470, tid: 3470, name: Shutdown thread  >>> uiautomator <<<
09-22 22:07:24.343  3489  3489 F DEBUG   : uid: 2000
09-22 22:07:24.343  3489  3489 F DEBUG   : signal 11 (SIGSEGV), code 1 (SEGV_MAPERR), fault addr 0x000075c59429ebe0
09-22 22:07:24.343  3489  3489 F DEBUG   :     rax 0000000000000000  rbx 000075c85f33389c  rcx 0000000000000001  rdx 0000000000000002
09-22 22:07:24.343  3489  3489 F DEBUG   :     r8  0000000000000020  r9  0000000000020002  r10 0000000000000001  r11 0000000000000206
09-22 22:07:24.343  3489  3489 F DEBUG   :     r12 0000000000001000  r13 00000000000005b7  r14 000075c59429ebe0  r15 0000000000008928
09-22 22:07:24.343  3489  3489 F DEBUG   :     rdi 000075c594664ee8  rsi 0000000000001000
09-22 22:07:24.343  3489  3489 F DEBUG   :     rbp 00007ffd21b85820  rsp 00007ffd21b857b8  rip 000075c59429ebe0
09-22 22:07:24.343  3489  3489 F DEBUG   : 4 total frames
09-22 22:07:24.343  3489  3489 F DEBUG   : backtrace:
09-22 22:07:24.343  3489  3489 F DEBUG   :       #00 pc 000075c59429ebe0  <unknown>
09-22 22:07:24.343  3489  3489 F DEBUG   :       #01 pc 000000000005846f  /apex/com.android.runtime/lib64/bionic/libc.so (__cxa_finalize+287) (BuildId: 52bc34193ef6f6311bbb44f2305d1b1d)
09-22 22:07:24.343  3489  3489 F DEBUG   :       #02 pc 000000000005c83f  /apex/com.android.runtime/lib64/bionic/libc.so (exit+31) (BuildId: 52bc34193ef6f6311bbb44f2305d1b1d)
09-22 22:07:24.343  3489  3489 F DEBUG   :       #03 pc 00000000000520dc  /apex/com.android.runtime/lib64/bionic/libc.so (__libc_init+124) (BuildId: 52bc34193ef6f6311bbb44f2305d1b1d)
09-22 22:07:36.072  3519  3519 F libc    : Fatal signal 11 (SIGSEGV), code 1 (SEGV_MAPERR), fault addr 0x7d8d9a908be0 in tid 3519 (Shutdown thread), pid 3519 (Shutdown thread)
09-22 22:07:36.106  3537  3537 F DEBUG   : *** *** *** *** *** *** *** *** *** *** *** *** *** *** *** ***
09-22 22:07:36.106  3537  3537 F DEBUG   : Build fingerprint: 'Samsung/r9q/r9q:15/V417IR/972:user/release-keys'
09-22 22:07:36.106  3537  3537 F DEBUG   : Revision: '0'
09-22 22:07:36.106  3537  3537 F DEBUG   : ABI: 'x86_64'
09-22 22:07:36.106  3537  3537 F DEBUG   : Timestamp: 2026-09-22 22:07:36.083738793+0800
09-22 22:07:36.106  3537  3537 F DEBUG   : Process uptime: 3s
09-22 22:07:36.106  3537  3537 F DEBUG   : Cmdline: uiautomator
09-22 22:07:36.106  3537  3537 F DEBUG   : pid: 3519, tid: 3519, name: Shutdown thread  >>> uiautomator <<<
09-22 22:07:36.106  3537  3537 F DEBUG   : uid: 2000
09-22 22:07:36.106  3537  3537 F DEBUG   : signal 11 (SIGSEGV), code 1 (SEGV_MAPERR), fault addr 0x00007d8d9a908be0
09-22 22:07:36.106  3537  3537 F DEBUG   :     rax 0000000000000000  rbx 00007d908311889c  rcx 0000000000000001  rdx 0000000000000002
09-22 22:07:36.106  3537  3537 F DEBUG   :     r8  0000000000000020  r9  0000000000020002  r10 0000000000000001  r11 0000000000000206
09-22 22:07:36.106  3537  3537 F DEBUG   :     r12 0000000000001000  r13 00000000000005b7  r14 00007d8d9a908be0  r15 0000000000008928
09-22 22:07:36.106  3537  3537 F DEBUG   :     rdi 00007d8d9acceee8  rsi 0000000000001000
09-22 22:07:36.106  3537  3537 F DEBUG   :     rbp 00007ffe7db18150  rsp 00007ffe7db180e8  rip 00007d8d9a908be0
09-22 22:07:36.106  3537  3537 F DEBUG   : 4 total frames
09-22 22:07:36.106  3537  3537 F DEBUG   : backtrace:
09-22 22:07:36.106  3537  3537 F DEBUG   :       #00 pc 00007d8d9a908be0  <unknown>
09-22 22:07:36.106  3537  3537 F DEBUG   :       #01 pc 000000000005846f  /apex/com.android.runtime/lib64/bionic/libc.so (__cxa_finalize+287) (BuildId: 52bc34193ef6f6311bbb44f2305d1b1d)
09-22 22:07:36.107  3537  3537 F DEBUG   :       #02 pc 000000000005c83f  /apex/com.android.runtime/lib64/bionic/libc.so (exit+31) (BuildId: 52bc34193ef6f6311bbb44f2305d1b1d)
09-22 22:07:36.107  3537  3537 F DEBUG   :       #03 pc 00000000000520dc  /apex/com.android.runtime/lib64/bionic/libc.so (__libc_init+124) (BuildId: 52bc34193ef6f6311bbb44f2305d1b1d)
09-22 22:07:58.359  3601  3601 F libc    : Fatal signal 11 (SIGSEGV), code 1 (SEGV_MAPERR), fault addr 0x7f8a1d880be0 in tid 3601 (Shutdown thread), pid 3601 (Shutdown thread)
09-22 22:07:58.396  3619  3619 F DEBUG   : *** *** *** *** *** *** *** *** *** *** *** *** *** *** *** ***
09-22 22:07:58.396  3619  3619 F DEBUG   : Build fingerprint: 'Samsung/r9q/r9q:15/V417IR/972:user/release-keys'
09-22 22:07:58.396  3619  3619 F DEBUG   : Revision: '0'
09-22 22:07:58.396  3619  3619 F DEBUG   : ABI: 'x86_64'
09-22 22:07:58.396  3619  3619 F DEBUG   : Timestamp: 2026-09-22 22:07:58.370204535+0800
09-22 22:07:58.396  3619  3619 F DEBUG   : Process uptime: 3s
09-22 22:07:58.396  3619  3619 F DEBUG   : Cmdline: uiautomator
09-22 22:07:58.396  3619  3619 F DEBUG   : pid: 3601, tid: 3601, name: Shutdown thread  >>> uiautomator <<<
09-22 22:07:58.396  3619  3619 F DEBUG   : uid: 2000
09-22 22:07:58.396  3619  3619 F DEBUG   : signal 11 (SIGSEGV), code 1 (SEGV_MAPERR), fault addr 0x00007f8a1d880be0
09-22 22:07:58.396  3619  3619 F DEBUG   :     rax 0000000000000000  rbx 00007f8cf38f789c  rcx 0000000000000001  rdx 0000000000000002
09-22 22:07:58.396  3619  3619 F DEBUG   :     r8  0000000000000020  r9  0000000000020002  r10 0000000000000001  r11 0000000000000206
09-22 22:07:58.396  3619  3619 F DEBUG   :     r12 0000000000001000  r13 00000000000005b7  r14 00007f8a1d880be0  r15 0000000000008928
09-22 22:07:58.396  3619  3619 F DEBUG   :     rdi 00007f8a1dc46ee8  rsi 0000000000001000
09-22 22:07:58.396  3619  3619 F DEBUG   :     rbp 00007ffd86a09ad0  rsp 00007ffd86a09a68  rip 00007f8a1d880be0
09-22 22:07:58.396  3619  3619 F DEBUG   : 4 total frames
09-22 22:07:58.396  3619  3619 F DEBUG   : backtrace:
09-22 22:07:58.396  3619  3619 F DEBUG   :       #00 pc 00007f8a1d880be0  <unknown>
09-22 22:07:58.396  3619  3619 F DEBUG   :       #01 pc 000000000005846f  /apex/com.android.runtime/lib64/bionic/libc.so (__cxa_finalize+287) (BuildId: 52bc34193ef6f6311bbb44f2305d1b1d)
09-22 22:07:58.396  3619  3619 F DEBUG   :       #02 pc 000000000005c83f  /apex/com.android.runtime/lib64/bionic/libc.so (exit+31) (BuildId: 52bc34193ef6f6311bbb44f2305d1b1d)
09-22 22:07:58.396  3619  3619 F DEBUG   :       #03 pc 00000000000520dc  /apex/com.android.runtime/lib64/bionic/libc.so (__libc_init+124) (BuildId: 52bc34193ef6f6311bbb44f2305d1b1d)
09-22 22:10:12.973  3676  3676 F libc    : Fatal signal 11 (SIGSEGV), code 1 (SEGV_MAPERR), fault addr 0x7cd88d452be0 in tid 3676 (Shutdown thread), pid 3676 (Shutdown thread)
09-22 22:10:13.016  3693  3693 F DEBUG   : *** *** *** *** *** *** *** *** *** *** *** *** *** *** *** ***
09-22 22:10:13.016  3693  3693 F DEBUG   : Build fingerprint: 'Samsung/r9q/r9q:15/V417IR/972:user/release-keys'
09-22 22:10:13.016  3693  3693 F DEBUG   : Revision: '0'
09-22 22:10:13.016  3693  3693 F DEBUG   : ABI: 'x86_64'
09-22 22:10:13.016  3693  3693 F DEBUG   : Timestamp: 2026-09-22 22:10:12.983655801+0800
09-22 22:10:13.016  3693  3693 F DEBUG   : Process uptime: 3s
09-22 22:10:13.016  3693  3693 F DEBUG   : Cmdline: uiautomator
09-22 22:10:13.016  3693  3693 F DEBUG   : pid: 3676, tid: 3676, name: Shutdown thread  >>> uiautomator <<<
09-22 22:10:13.016  3693  3693 F DEBUG   : uid: 2000
09-22 22:10:13.016  3693  3693 F DEBUG   : signal 11 (SIGSEGV), code 1 (SEGV_MAPERR), fault addr 0x00007cd88d452be0
09-22 22:10:13.016  3693  3693 F DEBUG   :     rax 0000000000000000  rbx 00007cdb600f489c  rcx 0000000000000001  rdx 0000000000000002
09-22 22:10:13.016  3693  3693 F DEBUG   :     r8  0000000000000020  r9  0000000000020002  r10 0000000000000001  r11 0000000000000206
09-22 22:10:13.016  3693  3693 F DEBUG   :     r12 0000000000001000  r13 00000000000005b7  r14 00007cd88d452be0  r15 0000000000008928
09-22 22:10:13.016  3693  3693 F DEBUG   :     rdi 00007cd88d818ee8  rsi 0000000000001000
09-22 22:10:13.016  3693  3693 F DEBUG   :     rbp 00007ffc57f71ed0  rsp 00007ffc57f71e68  rip 00007cd88d452be0
09-22 22:10:13.016  3693  3693 F DEBUG   : 4 total frames
09-22 22:10:13.016  3693  3693 F DEBUG   : backtrace:
09-22 22:10:13.016  3693  3693 F DEBUG   :       #00 pc 00007cd88d452be0  <unknown>
09-22 22:10:13.016  3693  3693 F DEBUG   :       #01 pc 000000000005846f  /apex/com.android.runtime/lib64/bionic/libc.so (__cxa_finalize+287) (BuildId: 52bc34193ef6f6311bbb44f2305d1b1d)
09-22 22:10:13.016  3693  3693 F DEBUG   :       #02 pc 000000000005c83f  /apex/com.android.runtime/lib64/bionic/libc.so (exit+31) (BuildId: 52bc34193ef6f6311bbb44f2305d1b1d)
09-22 22:10:13.016  3693  3693 F DEBUG   :       #03 pc 00000000000520dc  /apex/com.android.runtime/lib64/bionic/libc.so (__libc_init+124) (BuildId: 52bc34193ef6f6311bbb44f2305d1b1d)
09-22 22:10:50.329  3725  3725 F libc    : Fatal signal 11 (SIGSEGV), code 1 (SEGV_MAPERR), fault addr 0x79fa50e60be0 in tid 3725 (Shutdown thread), pid 3725 (Shutdown thread)
09-22 22:10:50.366  3744  3744 F DEBUG   : *** *** *** *** *** *** *** *** *** *** *** *** *** *** *** ***
09-22 22:10:50.366  3744  3744 F DEBUG   : Build fingerprint: 'Samsung/r9q/r9q:15/V417IR/972:user/release-keys'
09-22 22:10:50.366  3744  3744 F DEBUG   : Revision: '0'
09-22 22:10:50.366  3744  3744 F DEBUG   : ABI: 'x86_64'
09-22 22:10:50.366  3744  3744 F DEBUG   : Timestamp: 2026-09-22 22:10:50.340019374+0800
09-22 22:10:50.366  3744  3744 F DEBUG   : Process uptime: 3s
09-22 22:10:50.366  3744  3744 F DEBUG   : Cmdline: uiautomator
09-22 22:10:50.366  3744  3744 F DEBUG   : pid: 3725, tid: 3725, name: Shutdown thread  >>> uiautomator <<<
09-22 22:10:50.366  3744  3744 F DEBUG   : uid: 2000
09-22 22:10:50.366  3744  3744 F DEBUG   : signal 11 (SIGSEGV), code 1 (SEGV_MAPERR), fault addr 0x000079fa50e60be0
09-22 22:10:50.366  3744  3744 F DEBUG   :     rax 0000000000000000  rbx 000079fd3cf8189c  rcx 0000000000000001  rdx 0000000000000002
09-22 22:10:50.366  3744  3744 F DEBUG   :     r8  0000000000000020  r9  0000000000020002  r10 0000000000000001  r11 0000000000000206
09-22 22:10:50.366  3744  3744 F DEBUG   :     r12 0000000000001000  r13 00000000000005b7  r14 000079fa50e60be0  r15 0000000000008928
09-22 22:10:50.366  3744  3744 F DEBUG   :     rdi 000079fa51226ee8  rsi 0000000000001000
09-22 22:10:50.366  3744  3744 F DEBUG   :     rbp 00007fff0048d660  rsp 00007fff0048d5f8  rip 000079fa50e60be0
09-22 22:10:50.366  3744  3744 F DEBUG   : 4 total frames
09-22 22:10:50.366  3744  3744 F DEBUG   : backtrace:
09-22 22:10:50.366  3744  3744 F DEBUG   :       #00 pc 000079fa50e60be0  <unknown>
09-22 22:10:50.366  3744  3744 F DEBUG   :       #01 pc 000000000005846f  /apex/com.android.runtime/lib64/bionic/libc.so (__cxa_finalize+287) (BuildId: 52bc34193ef6f6311bbb44f2305d1b1d)
09-22 22:10:50.366  3744  3744 F DEBUG   :       #02 pc 000000000005c83f  /apex/com.android.runtime/lib64/bionic/libc.so (exit+31) (BuildId: 52bc34193ef6f6311bbb44f2305d1b1d)
09-22 22:10:50.366  3744  3744 F DEBUG   :       #03 pc 00000000000520dc  /apex/com.android.runtime/lib64/bionic/libc.so (__libc_init+124) (BuildId: 52bc34193ef6f6311bbb44f2305d1b1d)
09-22 22:11:01.629  3758  3758 F libc    : Fatal signal 11 (SIGSEGV), code 2 (SEGV_ACCERR), fault addr 0x7c70bac0667c in tid 3758 (grep), pid 3758 (grep)
09-22 22:11:01.668  3762  3762 F DEBUG   : *** *** *** *** *** *** *** *** *** *** *** *** *** *** *** ***
09-22 22:11:01.668  3762  3762 F DEBUG   : Build fingerprint: 'Samsung/r9q/r9q:15/V417IR/972:user/release-keys'
09-22 22:11:01.668  3762  3762 F DEBUG   : Revision: '0'
09-22 22:11:01.668  3762  3762 F DEBUG   : ABI: 'x86_64'
09-22 22:11:01.668  3762  3762 F DEBUG   : Timestamp: 2026-09-22 22:11:01.657440108+0800
09-22 22:11:01.668  3762  3762 F DEBUG   : Process uptime: 1s
09-22 22:11:01.668  3762  3762 F DEBUG   : Cmdline: grep -iE isNavBar|navBar|NavigationBar
09-22 22:11:01.668  3762  3762 F DEBUG   : pid: 3758, tid: 3758, name: grep  >>> grep <<<
09-22 22:11:01.668  3762  3762 F DEBUG   : uid: 2000
09-22 22:11:01.668  3762  3762 F DEBUG   : signal 11 (SIGSEGV), code 2 (SEGV_ACCERR), fault addr 0x00007c70bac0667c
09-22 22:11:01.668  3762  3762 F DEBUG   :     rax 000000001ffffffc  rbx 00007c702ac05a30  rcx 0000000000000080  rdx 00007c70de4bcbf9
09-22 22:11:01.668  3762  3762 F DEBUG   :     r8  00000000ffffffe6  r9  00007c701ac0d450  r10 00007c70de431e3c  r11 000000000000006d
09-22 22:11:01.668  3762  3762 F DEBUG   :     r12 0000000000000022  r13 0000000000000002  r14 0000000000000002  r15 00007c6fdac0e370
09-22 22:11:01.668  3762  3762 F DEBUG   :     rdi 00007c709ac06680  rsi 00000000ffffffe6
09-22 22:11:01.668  3762  3762 F DEBUG   :     rbp 00007fff4e6fa270  rsp 00007fff4e6fa200  rip 00007c70de4bcc47
09-22 22:11:01.668  3762  3762 F DEBUG   : 9 total frames
09-22 22:11:01.668  3762  3762 F DEBUG   : backtrace:
09-22 22:11:01.668  3762  3762 F DEBUG   :       #00 pc 00000000000b3c47  /apex/com.android.runtime/lib64/bionic/libc.so (mstep+359) (BuildId: 52bc34193ef6f6311bbb44f2305d1b1d)
09-22 22:11:01.668  3762  3762 F DEBUG   :       #01 pc 00000000000b2ef5  /apex/com.android.runtime/lib64/bionic/libc.so (mwalk+1461) (BuildId: 52bc34193ef6f6311bbb44f2305d1b1d)
09-22 22:11:01.668  3762  3762 F DEBUG   :       #02 pc 00000000000b24f0  /apex/com.android.runtime/lib64/bionic/libc.so (regexec+3552) (BuildId: 52bc34193ef6f6311bbb44f2305d1b1d)
09-22 22:11:01.668  3762  3762 F DEBUG   :       #03 pc 0000000000034bf9  /system/bin/toybox (regexec0+65) (BuildId: 39bd28514f5ff6463d192f4c7ae16f3e)
09-22 22:11:01.668  3762  3762 F DEBUG   :       #04 pc 0000000000049db8  /system/bin/toybox (do_grep+1030) (BuildId: 39bd28514f5ff6463d192f4c7ae16f3e)
09-22 22:11:01.668  3762  3762 F DEBUG   :       #05 pc 00000000000498ea  /system/bin/toybox (grep_main+1534) (BuildId: 39bd28514f5ff6463d192f4c7ae16f3e)
09-22 22:11:01.668  3762  3762 F DEBUG   :       #06 pc 0000000000038c5b  /system/bin/toybox (toybox_main+650) (BuildId: 39bd28514f5ff6463d192f4c7ae16f3e)
09-22 22:11:01.668  3762  3762 F DEBUG   :       #07 pc 000000000003932c  /system/bin/toybox (main+96) (BuildId: 39bd28514f5ff6463d192f4c7ae16f3e)
09-22 22:11:01.668  3762  3762 F DEBUG   :       #08 pc 00000000000520d5  /apex/com.android.runtime/lib64/bionic/libc.so (__libc_init+117) (BuildId: 52bc34193ef6f6311bbb44f2305d1b1d)
09-22 22:11:30.429  4022  4022 F libc    : Fatal signal 11 (SIGSEGV), code 1 (SEGV_MAPERR), fault addr 0x7d74aae53be0 in tid 4022 (Shutdown thread), pid 4022 (Shutdown thread)
09-22 22:11:30.477  4041  4041 F DEBUG   : *** *** *** *** *** *** *** *** *** *** *** *** *** *** *** ***
09-22 22:11:30.477  4041  4041 F DEBUG   : Build fingerprint: 'Samsung/r9q/r9q:15/V417IR/972:user/release-keys'
09-22 22:11:30.477  4041  4041 F DEBUG   : Revision: '0'
09-22 22:11:30.477  4041  4041 F DEBUG   : ABI: 'x86_64'
09-22 22:11:30.477  4041  4041 F DEBUG   : Timestamp: 2026-09-22 22:11:30.445114806+0800
09-22 22:11:30.477  4041  4041 F DEBUG   : Process uptime: 3s
09-22 22:11:30.477  4041  4041 F DEBUG   : Cmdline: uiautomator
09-22 22:11:30.477  4041  4041 F DEBUG   : pid: 4022, tid: 4022, name: Shutdown thread  >>> uiautomator <<<
09-22 22:11:30.477  4041  4041 F DEBUG   : uid: 2000
09-22 22:11:30.477  4041  4041 F DEBUG   : signal 11 (SIGSEGV), code 1 (SEGV_MAPERR), fault addr 0x00007d74aae53be0
09-22 22:11:30.477  4041  4041 F DEBUG   :     rax 0000000000000000  rbx 00007d777b57789c  rcx 0000000000000001  rdx 0000000000000002
09-22 22:11:30.477  4041  4041 F DEBUG   :     r8  0000000000000020  r9  0000000000020002  r10 0000000000000001  r11 0000000000000206
09-22 22:11:30.477  4041  4041 F DEBUG   :     r12 0000000000001000  r13 00000000000005b7  r14 00007d74aae53be0  r15 0000000000008928
09-22 22:11:30.477  4041  4041 F DEBUG   :     rdi 00007d74ab219ee8  rsi 0000000000001000
09-22 22:11:30.477  4041  4041 F DEBUG   :     rbp 00007ffe008f8070  rsp 00007ffe008f8008  rip 00007d74aae53be0
09-22 22:11:30.477  4041  4041 F DEBUG   : 4 total frames
09-22 22:11:30.477  4041  4041 F DEBUG   : backtrace:
09-22 22:11:30.477  4041  4041 F DEBUG   :       #00 pc 00007d74aae53be0  <unknown>
09-22 22:11:30.477  4041  4041 F DEBUG   :       #01 pc 000000000005846f  /apex/com.android.runtime/lib64/bionic/libc.so (__cxa_finalize+287) (BuildId: 52bc34193ef6f6311bbb44f2305d1b1d)
09-22 22:11:30.477  4041  4041 F DEBUG   :       #02 pc 000000000005c83f  /apex/com.android.runtime/lib64/bionic/libc.so (exit+31) (BuildId: 52bc34193ef6f6311bbb44f2305d1b1d)
09-22 22:11:30.477  4041  4041 F DEBUG   :       #03 pc 00000000000520dc  /apex/com.android.runtime/lib64/bionic/libc.so (__libc_init+124) (BuildId: 52bc34193ef6f6311bbb44f2305d1b1d)
09-22 22:11:34.874  4051  4051 F libc    : Fatal signal 11 (SIGSEGV), code 1 (SEGV_MAPERR), fault addr 0x720309ae8be0 in tid 4051 (Shutdown thread), pid 4051 (Shutdown thread)
09-22 22:11:34.965  4078  4078 F DEBUG   : *** *** *** *** *** *** *** *** *** *** *** *** *** *** *** ***
09-22 22:11:34.965  4078  4078 F DEBUG   : Build fingerprint: 'Samsung/r9q/r9q:15/V417IR/972:user/release-keys'
09-22 22:11:34.965  4078  4078 F DEBUG   : Revision: '0'
09-22 22:11:34.965  4078  4078 F DEBUG   : ABI: 'x86_64'
09-22 22:11:34.965  4078  4078 F DEBUG   : Timestamp: 2026-09-22 22:11:34.925961215+0800
09-22 22:11:34.965  4078  4078 F DEBUG   : Process uptime: 4s
09-22 22:11:34.965  4078  4078 F DEBUG   : Cmdline: uiautomator
09-22 22:11:34.965  4078  4078 F DEBUG   : pid: 4051, tid: 4051, name: Shutdown thread  >>> uiautomator <<<
09-22 22:11:34.965  4078  4078 F DEBUG   : uid: 2000
09-22 22:11:34.965  4078  4078 F DEBUG   : signal 11 (SIGSEGV), code 1 (SEGV_MAPERR), fault addr 0x0000720309ae8be0
09-22 22:11:34.965  4078  4078 F DEBUG   :     rax 0000000000000000  rbx 00007205ce3e089c  rcx 0000000000000001  rdx 0000000000000002
09-22 22:11:34.965  4078  4078 F DEBUG   :     r8  0000000000000020  r9  0000000000020002  r10 0000000000000001  r11 0000000000000206
09-22 22:11:34.965  4078  4078 F DEBUG   :     r12 0000000000001000  r13 00000000000005b7  r14 0000720309ae8be0  r15 0000000000008928
09-22 22:11:34.965  4078  4078 F DEBUG   :     rdi 0000720309eaeee8  rsi 0000000000001000
09-22 22:11:34.965  4078  4078 F DEBUG   :     rbp 00007ffc65b1bee0  rsp 00007ffc65b1be78  rip 0000720309ae8be0
09-22 22:11:34.965  4078  4078 F DEBUG   : 4 total frames
09-22 22:11:34.965  4078  4078 F DEBUG   : backtrace:
09-22 22:11:34.965  4078  4078 F DEBUG   :       #00 pc 0000720309ae8be0  <unknown>
09-22 22:11:34.965  4078  4078 F DEBUG   :       #01 pc 000000000005846f  /apex/com.android.runtime/lib64/bionic/libc.so (__cxa_finalize+287) (BuildId: 52bc34193ef6f6311bbb44f2305d1b1d)
09-22 22:11:34.965  4078  4078 F DEBUG   :       #02 pc 000000000005c83f  /apex/com.android.runtime/lib64/bionic/libc.so (exit+31) (BuildId: 52bc34193ef6f6311bbb44f2305d1b1d)
09-22 22:11:34.965  4078  4078 F DEBUG   :       #03 pc 00000000000520dc  /apex/com.android.runtime/lib64/bionic/libc.so (__libc_init+124) (BuildId: 52bc34193ef6f6311bbb44f2305d1b1d)
09-22 22:11:50.711  4131  4131 F libc    : Fatal signal 11 (SIGSEGV), code 1 (SEGV_MAPERR), fault addr 0x7cda0c291be0 in tid 4131 (Shutdown thread), pid 4131 (Shutdown thread)
09-22 22:11:50.962  4213  4213 F DEBUG   : *** *** *** *** *** *** *** *** *** *** *** *** *** *** *** ***
09-22 22:11:50.962  4213  4213 F DEBUG   : Build fingerprint: 'Samsung/r9q/r9q:15/V417IR/972:user/release-keys'
09-22 22:11:50.962  4213  4213 F DEBUG   : Revision: '0'
09-22 22:11:50.962  4213  4213 F DEBUG   : ABI: 'x86_64'
09-22 22:11:50.962  4213  4213 F DEBUG   : Timestamp: 2026-09-22 22:11:50.765851292+0800
09-22 22:11:50.962  4213  4213 F DEBUG   : Process uptime: 4s
09-22 22:11:50.962  4213  4213 F DEBUG   : Cmdline: uiautomator
09-22 22:11:50.962  4213  4213 F DEBUG   : pid: 4131, tid: 4131, name: Shutdown thread  >>> uiautomator <<<
09-22 22:11:50.962  4213  4213 F DEBUG   : uid: 2000
09-22 22:11:50.962  4213  4213 F DEBUG   : signal 11 (SIGSEGV), code 1 (SEGV_MAPERR), fault addr 0x00007cda0c291be0
09-22 22:11:50.962  4213  4213 F DEBUG   :     rax 0000000000000000  rbx 00007cdcd37a289c  rcx 0000000000000001  rdx 0000000000000002
09-22 22:11:50.962  4213  4213 F DEBUG   :     r8  0000000000000020  r9  0000000000020002  r10 0000000000000001  r11 0000000000000206
09-22 22:11:50.962  4213  4213 F DEBUG   :     r12 0000000000001000  r13 00000000000005b7  r14 00007cda0c291be0  r15 0000000000008928
09-22 22:11:50.962  4213  4213 F DEBUG   :     rdi 00007cda0c657ee8  rsi 0000000000001000
09-22 22:11:50.962  4213  4213 F DEBUG   :     rbp 00007ffd18d27290  rsp 00007ffd18d27228  rip 00007cda0c291be0
09-22 22:11:50.962  4213  4213 F DEBUG   : 4 total frames
09-22 22:11:50.962  4213  4213 F DEBUG   : backtrace:
09-22 22:11:50.962  4213  4213 F DEBUG   :       #00 pc 00007cda0c291be0  <unknown>
09-22 22:11:50.962  4213  4213 F DEBUG   :       #01 pc 000000000005846f  /apex/com.android.runtime/lib64/bionic/libc.so (__cxa_finalize+287) (BuildId: 52bc34193ef6f6311bbb44f2305d1b1d)
09-22 22:11:50.962  4213  4213 F DEBUG   :       #02 pc 000000000005c83f  /apex/com.android.runtime/lib64/bionic/libc.so (exit+31) (BuildId: 52bc34193ef6f6311bbb44f2305d1b1d)
09-22 22:11:50.962  4213  4213 F DEBUG   :       #03 pc 00000000000520dc  /apex/com.android.runtime/lib64/bionic/libc.so (__libc_init+124) (BuildId: 52bc34193ef6f6311bbb44f2305d1b1d)
09-22 22:12:12.457  4266  4266 F libc    : Fatal signal 11 (SIGSEGV), code 1 (SEGV_MAPERR), fault addr 0x7e3d64316be0 in tid 4266 (Shutdown thread), pid 4266 (Shutdown thread)
09-22 22:12:12.546  4282  4282 F DEBUG   : *** *** *** *** *** *** *** *** *** *** *** *** *** *** *** ***
09-22 22:12:12.546  4282  4282 F DEBUG   : Build fingerprint: 'Samsung/r9q/r9q:15/V417IR/972:user/release-keys'
09-22 22:12:12.546  4282  4282 F DEBUG   : Revision: '0'
09-22 22:12:12.546  4282  4282 F DEBUG   : ABI: 'x86_64'
09-22 22:12:12.546  4282  4282 F DEBUG   : Timestamp: 2026-09-22 22:12:12.489705080+0800
09-22 22:12:12.546  4282  4282 F DEBUG   : Process uptime: 3s
09-22 22:12:12.546  4282  4282 F DEBUG   : Cmdline: uiautomator
09-22 22:12:12.546  4282  4282 F DEBUG   : pid: 4266, tid: 4266, name: Shutdown thread  >>> uiautomator <<<
09-22 22:12:12.546  4282  4282 F DEBUG   : uid: 2000
09-22 22:12:12.546  4282  4282 F DEBUG   : signal 11 (SIGSEGV), code 1 (SEGV_MAPERR), fault addr 0x00007e3d64316be0
09-22 22:12:12.546  4282  4282 F DEBUG   :     rax 0000000000000000  rbx 00007e40453f089c  rcx 0000000000000001  rdx 0000000000000002
09-22 22:12:12.546  4282  4282 F DEBUG   :     r8  0000000000000020  r9  0000000000020002  r10 0000000000000001  r11 0000000000000206
09-22 22:12:12.546  4282  4282 F DEBUG   :     r12 0000000000001000  r13 00000000000005b7  r14 00007e3d64316be0  r15 0000000000008928
09-22 22:12:12.546  4282  4282 F DEBUG   :     rdi 00007e3d646dcee8  rsi 0000000000001000
09-22 22:12:12.546  4282  4282 F DEBUG   :     rbp 00007fff9cbd67f0  rsp 00007fff9cbd6788  rip 00007e3d64316be0
09-22 22:12:12.546  4282  4282 F DEBUG   : 4 total frames
09-22 22:12:12.547  4282  4282 F DEBUG   : backtrace:
09-22 22:12:12.547  4282  4282 F DEBUG   :       #00 pc 00007e3d64316be0  <unknown>
09-22 22:12:12.547  4282  4282 F DEBUG   :       #01 pc 000000000005846f  /apex/com.android.runtime/lib64/bionic/libc.so (__cxa_finalize+287) (BuildId: 52bc34193ef6f6311bbb44f2305d1b1d)
09-22 22:12:12.547  4282  4282 F DEBUG   :       #02 pc 000000000005c83f  /apex/com.android.runtime/lib64/bionic/libc.so (exit+31) (BuildId: 52bc34193ef6f6311bbb44f2305d1b1d)
09-22 22:12:12.547  4282  4282 F DEBUG   :       #03 pc 00000000000520dc  /apex/com.android.runtime/lib64/bionic/libc.so (__libc_init+124) (BuildId: 52bc34193ef6f6311bbb44f2305d1b1d)
09-22 22:12:19.799  4291  4291 F libc    : Fatal signal 11 (SIGSEGV), code 2 (SEGV_ACCERR), fault addr 0x7140dabff38c in tid 4291 (grep), pid 4291 (grep)
09-22 22:12:19.813  4295  4295 F DEBUG   : *** *** *** *** *** *** *** *** *** *** *** *** *** *** *** ***
09-22 22:12:19.813  4295  4295 F DEBUG   : Build fingerprint: 'Samsung/r9q/r9q:15/V417IR/972:user/release-keys'
09-22 22:12:19.813  4295  4295 F DEBUG   : Revision: '0'
09-22 22:12:19.813  4295  4295 F DEBUG   : ABI: 'x86_64'
09-22 22:12:19.813  4295  4295 F DEBUG   : Timestamp: 2026-09-22 22:12:19.806037632+0800
09-22 22:12:19.813  4295  4295 F DEBUG   : Process uptime: 1s
09-22 22:12:19.813  4295  4295 F DEBUG   : Cmdline: grep -E mDisplayId|Display [0-9]|HDMI|VIRTUAL
09-22 22:12:19.813  4295  4295 F DEBUG   : pid: 4291, tid: 4291, name: grep  >>> grep <<<
09-22 22:12:19.813  4295  4295 F DEBUG   : uid: 2000
09-22 22:12:19.813  4295  4295 F DEBUG   : signal 11 (SIGSEGV), code 2 (SEGV_ACCERR), fault addr 0x00007140dabff38c
09-22 22:12:19.813  4295  4295 F DEBUG   :     rax 000000001ffffffc  rbx 000071412abf7f00  rcx 0000000000000080  rdx 00007142cedb5bf9
09-22 22:12:19.813  4295  4295 F DEBUG   :     r8  00000000ffffffe5  r9  000071417abfee70  r10 00007142ced2ae3c  r11 000000000000006c
09-22 22:12:19.813  4295  4295 F DEBUG   :     r12 0000000000000027  r13 0000000000000016  r14 0000000000000016  r15 000071414abf0880
09-22 22:12:19.813  4295  4295 F DEBUG   :     rdi 00007140babff390  rsi 00000000ffffffe5
09-22 22:12:19.813  4295  4295 F DEBUG   :     rbp 00007ffd4a76a6a0  rsp 00007ffd4a76a630  rip 00007142cedb5c47
09-22 22:12:19.813  4295  4295 F DEBUG   : 9 total frames
09-22 22:12:19.813  4295  4295 F DEBUG   : backtrace:
09-22 22:12:19.813  4295  4295 F DEBUG   :       #00 pc 00000000000b3c47  /apex/com.android.runtime/lib64/bionic/libc.so (mstep+359) (BuildId: 52bc34193ef6f6311bbb44f2305d1b1d)
09-22 22:12:19.813  4295  4295 F DEBUG   :       #01 pc 00000000000b2ef5  /apex/com.android.runtime/lib64/bionic/libc.so (mwalk+1461) (BuildId: 52bc34193ef6f6311bbb44f2305d1b1d)
09-22 22:12:19.814  4295  4295 F DEBUG   :       #02 pc 00000000000b24f0  /apex/com.android.runtime/lib64/bionic/libc.so (regexec+3552) (BuildId: 52bc34193ef6f6311bbb44f2305d1b1d)
09-22 22:12:19.814  4295  4295 F DEBUG   :       #03 pc 0000000000034bf9  /system/bin/toybox (regexec0+65) (BuildId: 39bd28514f5ff6463d192f4c7ae16f3e)
09-22 22:12:19.814  4295  4295 F DEBUG   :       #04 pc 0000000000049db8  /system/bin/toybox (do_grep+1030) (BuildId: 39bd28514f5ff6463d192f4c7ae16f3e)
09-22 22:12:19.814  4295  4295 F DEBUG   :       #05 pc 00000000000498ea  /system/bin/toybox (grep_main+1534) (BuildId: 39bd28514f5ff6463d192f4c7ae16f3e)
09-22 22:12:19.814  4295  4295 F DEBUG   :       #06 pc 0000000000038c5b  /system/bin/toybox (toybox_main+650) (BuildId: 39bd28514f5ff6463d192f4c7ae16f3e)
09-22 22:12:19.814  4295  4295 F DEBUG   :       #07 pc 000000000003932c  /system/bin/toybox (main+96) (BuildId: 39bd28514f5ff6463d192f4c7ae16f3e)
09-22 22:12:19.814  4295  4295 F DEBUG   :       #08 pc 00000000000520d5  /apex/com.android.runtime/lib64/bionic/libc.so (__libc_init+117) (BuildId: 52bc34193ef6f6311bbb44f2305d1b1d)
09-22 22:12:48.749  4333  4333 F libc    : Fatal signal 11 (SIGSEGV), code 1 (SEGV_MAPERR), fault addr 0x722d6fd0dbe0 in tid 4333 (Shutdown thread), pid 4333 (Shutdown thread)
09-22 22:12:48.818  4351  4351 F DEBUG   : *** *** *** *** *** *** *** *** *** *** *** *** *** *** *** ***
09-22 22:12:48.818  4351  4351 F DEBUG   : Build fingerprint: 'Samsung/r9q/r9q:15/V417IR/972:user/release-keys'
09-22 22:12:48.818  4351  4351 F DEBUG   : Revision: '0'
09-22 22:12:48.818  4351  4351 F DEBUG   : ABI: 'x86_64'
09-22 22:12:48.818  4351  4351 F DEBUG   : Timestamp: 2026-09-22 22:12:48.786327172+0800
09-22 22:12:48.818  4351  4351 F DEBUG   : Process uptime: 4s
09-22 22:12:48.818  4351  4351 F DEBUG   : Cmdline: uiautomator
09-22 22:12:48.818  4351  4351 F DEBUG   : pid: 4333, tid: 4333, name: Shutdown thread  >>> uiautomator <<<
09-22 22:12:48.818  4351  4351 F DEBUG   : uid: 2000
09-22 22:12:48.818  4351  4351 F DEBUG   : signal 11 (SIGSEGV), code 1 (SEGV_MAPERR), fault addr 0x0000722d6fd0dbe0
09-22 22:12:48.818  4351  4351 F DEBUG   :     rax 0000000000000000  rbx 00007230584f489c  rcx 0000000000000001  rdx 0000000000000002
09-22 22:12:48.818  4351  4351 F DEBUG   :     r8  0000000000000020  r9  0000000000020002  r10 0000000000000001  r11 0000000000000206
09-22 22:12:48.818  4351  4351 F DEBUG   :     r12 0000000000001000  r13 00000000000005b7  r14 0000722d6fd0dbe0  r15 0000000000008928
09-22 22:12:48.818  4351  4351 F DEBUG   :     rdi 0000722d700d3ee8  rsi 0000000000001000
09-22 22:12:48.818  4351  4351 F DEBUG   :     rbp 00007ffd07c50820  rsp 00007ffd07c507b8  rip 0000722d6fd0dbe0
09-22 22:12:48.818  4351  4351 F DEBUG   : 4 total frames
09-22 22:12:48.818  4351  4351 F DEBUG   : backtrace:
09-22 22:12:48.818  4351  4351 F DEBUG   :       #00 pc 0000722d6fd0dbe0  <unknown>
09-22 22:12:48.819  4351  4351 F DEBUG   :       #01 pc 000000000005846f  /apex/com.android.runtime/lib64/bionic/libc.so (__cxa_finalize+287) (BuildId: 52bc34193ef6f6311bbb44f2305d1b1d)
09-22 22:12:48.819  4351  4351 F DEBUG   :       #02 pc 000000000005c83f  /apex/com.android.runtime/lib64/bionic/libc.so (exit+31) (BuildId: 52bc34193ef6f6311bbb44f2305d1b1d)
09-22 22:12:48.819  4351  4351 F DEBUG   :       #03 pc 00000000000520dc  /apex/com.android.runtime/lib64/bionic/libc.so (__libc_init+124) (BuildId: 52bc34193ef6f6311bbb44f2305d1b1d)
09-22 22:13:02.582  4363  4363 F libc    : Fatal signal 11 (SIGSEGV), code 1 (SEGV_MAPERR), fault addr 0x78c9cc0cabe0 in tid 4363 (Shutdown thread), pid 4363 (Shutdown thread)
09-22 22:13:02.617  4381  4381 F DEBUG   : *** *** *** *** *** *** *** *** *** *** *** *** *** *** *** ***
09-22 22:13:02.617  4381  4381 F DEBUG   : Build fingerprint: 'Samsung/r9q/r9q:15/V417IR/972:user/release-keys'
09-22 22:13:02.617  4381  4381 F DEBUG   : Revision: '0'
09-22 22:13:02.617  4381  4381 F DEBUG   : ABI: 'x86_64'
09-22 22:13:02.617  4381  4381 F DEBUG   : Timestamp: 2026-09-22 22:13:02.590051863+0800
09-22 22:13:02.617  4381  4381 F DEBUG   : Process uptime: 3s
09-22 22:13:02.617  4381  4381 F DEBUG   : Cmdline: uiautomator
09-22 22:13:02.617  4381  4381 F DEBUG   : pid: 4363, tid: 4363, name: Shutdown thread  >>> uiautomator <<<
09-22 22:13:02.617  4381  4381 F DEBUG   : uid: 2000
09-22 22:13:02.617  4381  4381 F DEBUG   : signal 11 (SIGSEGV), code 1 (SEGV_MAPERR), fault addr 0x000078c9cc0cabe0
09-22 22:13:02.617  4381  4381 F DEBUG   :     rax 0000000000000000  rbx 000078ccc6db589c  rcx 0000000000000001  rdx 0000000000000002
09-22 22:13:02.617  4381  4381 F DEBUG   :     r8  0000000000000020  r9  0000000000020002  r10 0000000000000001  r11 0000000000000206
09-22 22:13:02.617  4381  4381 F DEBUG   :     r12 0000000000001000  r13 00000000000005b7  r14 000078c9cc0cabe0  r15 0000000000008928
09-22 22:13:02.617  4381  4381 F DEBUG   :     rdi 000078c9cc490ee8  rsi 0000000000001000
09-22 22:13:02.617  4381  4381 F DEBUG   :     rbp 00007ffda8d14b20  rsp 00007ffda8d14ab8  rip 000078c9cc0cabe0
09-22 22:13:02.617  4381  4381 F DEBUG   : 4 total frames
09-22 22:13:02.617  4381  4381 F DEBUG   : backtrace:
09-22 22:13:02.617  4381  4381 F DEBUG   :       #00 pc 000078c9cc0cabe0  <unknown>
09-22 22:13:02.617  4381  4381 F DEBUG   :       #01 pc 000000000005846f  /apex/com.android.runtime/lib64/bionic/libc.so (__cxa_finalize+287) (BuildId: 52bc34193ef6f6311bbb44f2305d1b1d)
09-22 22:13:02.617  4381  4381 F DEBUG   :       #02 pc 000000000005c83f  /apex/com.android.runtime/lib64/bionic/libc.so (exit+31) (BuildId: 52bc34193ef6f6311bbb44f2305d1b1d)
09-22 22:13:02.617  4381  4381 F DEBUG   :       #03 pc 00000000000520dc  /apex/com.android.runtime/lib64/bionic/libc.so (__libc_init+124) (BuildId: 52bc34193ef6f6311bbb44f2305d1b1d)
09-22 22:16:23.340  4871  4871 F libc    : Fatal signal 11 (SIGSEGV), code 1 (SEGV_MAPERR), fault addr 0x778c830aabe0 in tid 4871 (Shutdown thread), pid 4871 (Shutdown thread)
09-22 22:16:23.407  4888  4888 F DEBUG   : *** *** *** *** *** *** *** *** *** *** *** *** *** *** *** ***
09-22 22:16:23.407  4888  4888 F DEBUG   : Build fingerprint: 'Samsung/r9q/r9q:15/V417IR/972:user/release-keys'
09-22 22:16:23.407  4888  4888 F DEBUG   : Revision: '0'
09-22 22:16:23.407  4888  4888 F DEBUG   : ABI: 'x86_64'
09-22 22:16:23.407  4888  4888 F DEBUG   : Timestamp: 2026-09-22 22:16:23.357287765+0800
09-22 22:16:23.407  4888  4888 F DEBUG   : Process uptime: 3s
09-22 22:16:23.407  4888  4888 F DEBUG   : Cmdline: uiautomator
09-22 22:16:23.407  4888  4888 F DEBUG   : pid: 4871, tid: 4871, name: Shutdown thread  >>> uiautomator <<<
09-22 22:16:23.407  4888  4888 F DEBUG   : uid: 2000
09-22 22:16:23.407  4888  4888 F DEBUG   : signal 11 (SIGSEGV), code 1 (SEGV_MAPERR), fault addr 0x0000778c830aabe0
09-22 22:16:23.407  4888  4888 F DEBUG   :     rax 0000000000000000  rbx 0000778f683f089c  rcx 0000000000000001  rdx 0000000000000002
09-22 22:16:23.407  4888  4888 F DEBUG   :     r8  0000778f683e7fa4  r9  0000000000003297  r10 0000000000000000  r11 0000000000000206
09-22 22:16:23.407  4888  4888 F DEBUG   :     r12 0000000000001000  r13 00000000000005b7  r14 0000778c830aabe0  r15 0000000000008928
09-22 22:16:23.407  4888  4888 F DEBUG   :     rdi 0000778c83470ee8  rsi 0000000000001000
09-22 22:16:23.407  4888  4888 F DEBUG   :     rbp 00007ffe17720480  rsp 00007ffe17720418  rip 0000778c830aabe0
09-22 22:16:23.407  4888  4888 F DEBUG   : 4 total frames
09-22 22:16:23.407  4888  4888 F DEBUG   : backtrace:
09-22 22:16:23.407  4888  4888 F DEBUG   :       #00 pc 0000778c830aabe0  <unknown>
09-22 22:16:23.407  4888  4888 F DEBUG   :       #01 pc 000000000005846f  /apex/com.android.runtime/lib64/bionic/libc.so (__cxa_finalize+287) (BuildId: 52bc34193ef6f6311bbb44f2305d1b1d)
09-22 22:16:23.407  4888  4888 F DEBUG   :       #02 pc 000000000005c83f  /apex/com.android.runtime/lib64/bionic/libc.so (exit+31) (BuildId: 52bc34193ef6f6311bbb44f2305d1b1d)
09-22 22:16:23.407  4888  4888 F DEBUG   :       #03 pc 00000000000520dc  /apex/com.android.runtime/lib64/bionic/libc.so (__libc_init+124) (BuildId: 52bc34193ef6f6311bbb44f2305d1b1d)
09-22 22:16:32.161  4904  4904 F libc    : Fatal signal 11 (SIGSEGV), code 1 (SEGV_MAPERR), fault addr 0x77b51f321be0 in tid 4904 (Shutdown thread), pid 4904 (Shutdown thread)
09-22 22:16:32.195  4920  4920 F DEBUG   : *** *** *** *** *** *** *** *** *** *** *** *** *** *** *** ***
09-22 22:16:32.195  4920  4920 F DEBUG   : Build fingerprint: 'Samsung/r9q/r9q:15/V417IR/972:user/release-keys'
09-22 22:16:32.195  4920  4920 F DEBUG   : Revision: '0'
09-22 22:16:32.195  4920  4920 F DEBUG   : ABI: 'x86_64'
09-22 22:16:32.195  4920  4920 F DEBUG   : Timestamp: 2026-09-22 22:16:32.170217140+0800
09-22 22:16:32.195  4920  4920 F DEBUG   : Process uptime: 3s
09-22 22:16:32.195  4920  4920 F DEBUG   : Cmdline: uiautomator
09-22 22:16:32.195  4920  4920 F DEBUG   : pid: 4904, tid: 4904, name: Shutdown thread  >>> uiautomator <<<
09-22 22:16:32.195  4920  4920 F DEBUG   : uid: 2000
09-22 22:16:32.195  4920  4920 F DEBUG   : signal 11 (SIGSEGV), code 1 (SEGV_MAPERR), fault addr 0x000077b51f321be0
09-22 22:16:32.195  4920  4920 F DEBUG   :     rax 0000000000000000  rbx 000077b7ee39489c  rcx 0000000000000001  rdx 0000000000000002
09-22 22:16:32.195  4920  4920 F DEBUG   :     r8  0000000000000020  r9  0000000000020002  r10 0000000000000001  r11 0000000000000206
09-22 22:16:32.195  4920  4920 F DEBUG   :     r12 0000000000001000  r13 00000000000005b7  r14 000077b51f321be0  r15 0000000000008928
09-22 22:16:32.195  4920  4920 F DEBUG   :     rdi 000077b51f6e7ee8  rsi 0000000000001000
09-22 22:16:32.195  4920  4920 F DEBUG   :     rbp 00007fff892512f0  rsp 00007fff89251288  rip 000077b51f321be0
09-22 22:16:32.195  4920  4920 F DEBUG   : 4 total frames
09-22 22:16:32.195  4920  4920 F DEBUG   : backtrace:
09-22 22:16:32.195  4920  4920 F DEBUG   :       #00 pc 000077b51f321be0  <unknown>
09-22 22:16:32.195  4920  4920 F DEBUG   :       #01 pc 000000000005846f  /apex/com.android.runtime/lib64/bionic/libc.so (__cxa_finalize+287) (BuildId: 52bc34193ef6f6311bbb44f2305d1b1d)
09-22 22:16:32.195  4920  4920 F DEBUG   :       #02 pc 000000000005c83f  /apex/com.android.runtime/lib64/bionic/libc.so (exit+31) (BuildId: 52bc34193ef6f6311bbb44f2305d1b1d)
09-22 22:16:32.195  4920  4920 F DEBUG   :       #03 pc 00000000000520dc  /apex/com.android.runtime/lib64/bionic/libc.so (__libc_init+124) (BuildId: 52bc34193ef6f6311bbb44f2305d1b1d)
09-22 22:17:32.448  5029  5029 F libc    : Fatal signal 11 (SIGSEGV), code 1 (SEGV_MAPERR), fault addr 0x74a083917be0 in tid 5029 (Shutdown thread), pid 5029 (Shutdown thread)
09-22 22:17:32.478  5045  5045 F DEBUG   : *** *** *** *** *** *** *** *** *** *** *** *** *** *** *** ***
09-22 22:17:32.478  5045  5045 F DEBUG   : Build fingerprint: 'Samsung/r9q/r9q:15/V417IR/972:user/release-keys'
09-22 22:17:32.478  5045  5045 F DEBUG   : Revision: '0'
09-22 22:17:32.478  5045  5045 F DEBUG   : ABI: 'x86_64'
09-22 22:17:32.478  5045  5045 F DEBUG   : Timestamp: 2026-09-22 22:17:32.456597063+0800
09-22 22:17:32.478  5045  5045 F DEBUG   : Process uptime: 3s
09-22 22:17:32.478  5045  5045 F DEBUG   : Cmdline: uiautomator
09-22 22:17:32.478  5045  5045 F DEBUG   : pid: 5029, tid: 5029, name: Shutdown thread  >>> uiautomator <<<
09-22 22:17:32.478  5045  5045 F DEBUG   : uid: 2000
09-22 22:17:32.478  5045  5045 F DEBUG   : signal 11 (SIGSEGV), code 1 (SEGV_MAPERR), fault addr 0x000074a083917be0
09-22 22:17:32.478  5045  5045 F DEBUG   :     rax 0000000000000000  rbx 000074a35c3e989c  rcx 0000000000000001  rdx 0000000000000002
09-22 22:17:32.478  5045  5045 F DEBUG   :     r8  0000000000000020  r9  0000000000020002  r10 0000000000000001  r11 0000000000000206
09-22 22:17:32.478  5045  5045 F DEBUG   :     r12 0000000000001000  r13 00000000000005b7  r14 000074a083917be0  r15 0000000000008928
09-22 22:17:32.478  5045  5045 F DEBUG   :     rdi 000074a083cddee8  rsi 0000000000001000
09-22 22:17:32.478  5045  5045 F DEBUG   :     rbp 00007ffcfeb9b8c0  rsp 00007ffcfeb9b858  rip 000074a083917be0
09-22 22:17:32.478  5045  5045 F DEBUG   : 4 total frames
09-22 22:17:32.478  5045  5045 F DEBUG   : backtrace:
09-22 22:17:32.478  5045  5045 F DEBUG   :       #00 pc 000074a083917be0  <unknown>
09-22 22:17:32.478  5045  5045 F DEBUG   :       #01 pc 000000000005846f  /apex/com.android.runtime/lib64/bionic/libc.so (__cxa_finalize+287) (BuildId: 52bc34193ef6f6311bbb44f2305d1b1d)
09-22 22:17:32.478  5045  5045 F DEBUG   :       #02 pc 000000000005c83f  /apex/com.android.runtime/lib64/bionic/libc.so (exit+31) (BuildId: 52bc34193ef6f6311bbb44f2305d1b1d)
09-22 22:17:32.478  5045  5045 F DEBUG   :       #03 pc 00000000000520dc  /apex/com.android.runtime/lib64/bionic/libc.so (__libc_init+124) (BuildId: 52bc34193ef6f6311bbb44f2305d1b1d)
09-22 22:17:42.300  5069  5069 F libc    : Fatal signal 11 (SIGSEGV), code 1 (SEGV_MAPERR), fault addr 0x7fcc812e3be0 in tid 5069 (Shutdown thread), pid 5069 (Shutdown thread)
09-22 22:17:42.346  5086  5086 F DEBUG   : *** *** *** *** *** *** *** *** *** *** *** *** *** *** *** ***
09-22 22:17:42.346  5086  5086 F DEBUG   : Build fingerprint: 'Samsung/r9q/r9q:15/V417IR/972:user/release-keys'
09-22 22:17:42.346  5086  5086 F DEBUG   : Revision: '0'
09-22 22:17:42.346  5086  5086 F DEBUG   : ABI: 'x86_64'
09-22 22:17:42.346  5086  5086 F DEBUG   : Timestamp: 2026-09-22 22:17:42.311106925+0800
09-22 22:17:42.346  5086  5086 F DEBUG   : Process uptime: 3s
09-22 22:17:42.346  5086  5086 F DEBUG   : Cmdline: uiautomator
09-22 22:17:42.346  5086  5086 F DEBUG   : pid: 5069, tid: 5069, name: Shutdown thread  >>> uiautomator <<<
09-22 22:17:42.346  5086  5086 F DEBUG   : uid: 2000
09-22 22:17:42.346  5086  5086 F DEBUG   : signal 11 (SIGSEGV), code 1 (SEGV_MAPERR), fault addr 0x00007fcc812e3be0
09-22 22:17:42.346  5086  5086 F DEBUG   :     rax 0000000000000000  rbx 00007fcf5597389c  rcx 0000000000000001  rdx 0000000000000002
09-22 22:17:42.346  5086  5086 F DEBUG   :     r8  0000000000000020  r9  0000000000020002  r10 0000000000000001  r11 0000000000000206
09-22 22:17:42.346  5086  5086 F DEBUG   :     r12 0000000000001000  r13 00000000000005b7  r14 00007fcc812e3be0  r15 0000000000008928
09-22 22:17:42.346  5086  5086 F DEBUG   :     rdi 00007fcc816a9ee8  rsi 0000000000001000
09-22 22:17:42.346  5086  5086 F DEBUG   :     rbp 00007ffcfd4ed1e0  rsp 00007ffcfd4ed178  rip 00007fcc812e3be0
09-22 22:17:42.346  5086  5086 F DEBUG   : 4 total frames
09-22 22:17:42.346  5086  5086 F DEBUG   : backtrace:
09-22 22:17:42.346  5086  5086 F DEBUG   :       #00 pc 00007fcc812e3be0  <unknown>
09-22 22:17:42.346  5086  5086 F DEBUG   :       #01 pc 000000000005846f  /apex/com.android.runtime/lib64/bionic/libc.so (__cxa_finalize+287) (BuildId: 52bc34193ef6f6311bbb44f2305d1b1d)
09-22 22:17:42.346  5086  5086 F DEBUG   :       #02 pc 000000000005c83f  /apex/com.android.runtime/lib64/bionic/libc.so (exit+31) (BuildId: 52bc34193ef6f6311bbb44f2305d1b1d)
09-22 22:17:42.346  5086  5086 F DEBUG   :       #03 pc 00000000000520dc  /apex/com.android.runtime/lib64/bionic/libc.so (__libc_init+124) (BuildId: 52bc34193ef6f6311bbb44f2305d1b1d)
09-22 22:17:49.800  5100  5100 F libc    : Fatal signal 11 (SIGSEGV), code 1 (SEGV_MAPERR), fault addr 0x721e4e110be0 in tid 5100 (Shutdown thread), pid 5100 (Shutdown thread)
09-22 22:17:49.829  5117  5117 F DEBUG   : *** *** *** *** *** *** *** *** *** *** *** *** *** *** *** ***
09-22 22:17:49.829  5117  5117 F DEBUG   : Build fingerprint: 'Samsung/r9q/r9q:15/V417IR/972:user/release-keys'
09-22 22:17:49.830  5117  5117 F DEBUG   : Revision: '0'
09-22 22:17:49.830  5117  5117 F DEBUG   : ABI: 'x86_64'
09-22 22:17:49.830  5117  5117 F DEBUG   : Timestamp: 2026-09-22 22:17:49.809251019+0800
09-22 22:17:49.830  5117  5117 F DEBUG   : Process uptime: 3s
09-22 22:17:49.830  5117  5117 F DEBUG   : Cmdline: uiautomator
09-22 22:17:49.830  5117  5117 F DEBUG   : pid: 5100, tid: 5100, name: Shutdown thread  >>> uiautomator <<<
09-22 22:17:49.830  5117  5117 F DEBUG   : uid: 2000
09-22 22:17:49.830  5117  5117 F DEBUG   : signal 11 (SIGSEGV), code 1 (SEGV_MAPERR), fault addr 0x0000721e4e110be0
09-22 22:17:49.830  5117  5117 F DEBUG   :     rax 0000000000000000  rbx 0000722122f3289c  rcx 0000000000000001  rdx 0000000000000002
09-22 22:17:49.830  5117  5117 F DEBUG   :     r8  0000000000000020  r9  0000000000020002  r10 0000000000000001  r11 0000000000000206
09-22 22:17:49.830  5117  5117 F DEBUG   :     r12 0000000000001000  r13 00000000000005b7  r14 0000721e4e110be0  r15 0000000000008928
09-22 22:17:49.830  5117  5117 F DEBUG   :     rdi 0000721e4e4d6ee8  rsi 0000000000001000
09-22 22:17:49.830  5117  5117 F DEBUG   :     rbp 00007fff516cb8a0  rsp 00007fff516cb838  rip 0000721e4e110be0
09-22 22:17:49.830  5117  5117 F DEBUG   : 4 total frames
09-22 22:17:49.830  5117  5117 F DEBUG   : backtrace:
09-22 22:17:49.830  5117  5117 F DEBUG   :       #00 pc 0000721e4e110be0  <unknown>
09-22 22:17:49.830  5117  5117 F DEBUG   :       #01 pc 000000000005846f  /apex/com.android.runtime/lib64/bionic/libc.so (__cxa_finalize+287) (BuildId: 52bc34193ef6f6311bbb44f2305d1b1d)
09-22 22:17:49.830  5117  5117 F DEBUG   :       #02 pc 000000000005c83f  /apex/com.android.runtime/lib64/bionic/libc.so (exit+31) (BuildId: 52bc34193ef6f6311bbb44f2305d1b1d)
09-22 22:17:49.830  5117  5117 F DEBUG   :       #03 pc 00000000000520dc  /apex/com.android.runtime/lib64/bionic/libc.so (__libc_init+124) (BuildId: 52bc34193ef6f6311bbb44f2305d1b1d)
09-22 22:18:01.283  5133  5133 F libc    : Fatal signal 11 (SIGSEGV), code 1 (SEGV_MAPERR), fault addr 0x7d4606ec2be0 in tid 5133 (Shutdown thread), pid 5133 (Shutdown thread)
09-22 22:18:01.316  5151  5151 F DEBUG   : *** *** *** *** *** *** *** *** *** *** *** *** *** *** *** ***
09-22 22:18:01.316  5151  5151 F DEBUG   : Build fingerprint: 'Samsung/r9q/r9q:15/V417IR/972:user/release-keys'
09-22 22:18:01.316  5151  5151 F DEBUG   : Revision: '0'
09-22 22:18:01.316  5151  5151 F DEBUG   : ABI: 'x86_64'
09-22 22:18:01.316  5151  5151 F DEBUG   : Timestamp: 2026-09-22 22:18:01.292328019+0800
09-22 22:18:01.316  5151  5151 F DEBUG   : Process uptime: 4s
09-22 22:18:01.316  5151  5151 F DEBUG   : Cmdline: uiautomator
09-22 22:18:01.316  5151  5151 F DEBUG   : pid: 5133, tid: 5133, name: Shutdown thread  >>> uiautomator <<<
09-22 22:18:01.316  5151  5151 F DEBUG   : uid: 2000
09-22 22:18:01.316  5151  5151 F DEBUG   : signal 11 (SIGSEGV), code 1 (SEGV_MAPERR), fault addr 0x00007d4606ec2be0
09-22 22:18:01.316  5151  5151 F DEBUG   :     rax 0000000000000000  rbx 00007d48facf689c  rcx 0000000000000001  rdx 0000000000000002
09-22 22:18:01.316  5151  5151 F DEBUG   :     r8  0000000000000020  r9  0000000000020002  r10 0000000000000001  r11 0000000000000206
09-22 22:18:01.316  5151  5151 F DEBUG   :     r12 0000000000001000  r13 00000000000005b7  r14 00007d4606ec2be0  r15 0000000000008928
09-22 22:18:01.316  5151  5151 F DEBUG   :     rdi 00007d4607288ee8  rsi 0000000000001000
09-22 22:18:01.316  5151  5151 F DEBUG   :     rbp 00007fff93ac90a0  rsp 00007fff93ac9038  rip 00007d4606ec2be0
09-22 22:18:01.316  5151  5151 F DEBUG   : 4 total frames
09-22 22:18:01.316  5151  5151 F DEBUG   : backtrace:
09-22 22:18:01.316  5151  5151 F DEBUG   :       #00 pc 00007d4606ec2be0  <unknown>
09-22 22:18:01.316  5151  5151 F DEBUG   :       #01 pc 000000000005846f  /apex/com.android.runtime/lib64/bionic/libc.so (__cxa_finalize+287) (BuildId: 52bc34193ef6f6311bbb44f2305d1b1d)
09-22 22:18:01.316  5151  5151 F DEBUG   :       #02 pc 000000000005c83f  /apex/com.android.runtime/lib64/bionic/libc.so (exit+31) (BuildId: 52bc34193ef6f6311bbb44f2305d1b1d)
09-22 22:18:01.316  5151  5151 F DEBUG   :       #03 pc 00000000000520dc  /apex/com.android.runtime/lib64/bionic/libc.so (__libc_init+124) (BuildId: 52bc34193ef6f6311bbb44f2305d1b1d)
09-22 22:18:08.381  5165  5165 F libc    : Fatal signal 11 (SIGSEGV), code 1 (SEGV_MAPERR), fault addr 0x760ba16b2be0 in tid 5165 (Shutdown thread), pid 5165 (Shutdown thread)
09-22 22:18:08.412  5181  5181 F DEBUG   : *** *** *** *** *** *** *** *** *** *** *** *** *** *** *** ***
09-22 22:18:08.412  5181  5181 F DEBUG   : Build fingerprint: 'Samsung/r9q/r9q:15/V417IR/972:user/release-keys'
09-22 22:18:08.412  5181  5181 F DEBUG   : Revision: '0'
09-22 22:18:08.412  5181  5181 F DEBUG   : ABI: 'x86_64'
09-22 22:18:08.412  5181  5181 F DEBUG   : Timestamp: 2026-09-22 22:18:08.389062164+0800
09-22 22:18:08.412  5181  5181 F DEBUG   : Process uptime: 4s
09-22 22:18:08.412  5181  5181 F DEBUG   : Cmdline: uiautomator
09-22 22:18:08.412  5181  5181 F DEBUG   : pid: 5165, tid: 5165, name: Shutdown thread  >>> uiautomator <<<
09-22 22:18:08.412  5181  5181 F DEBUG   : uid: 2000
09-22 22:18:08.412  5181  5181 F DEBUG   : signal 11 (SIGSEGV), code 1 (SEGV_MAPERR), fault addr 0x0000760ba16b2be0
09-22 22:18:08.412  5181  5181 F DEBUG   :     rax 0000000000000000  rbx 0000760e65f7289c  rcx 0000000000000001  rdx 0000000000000002
09-22 22:18:08.412  5181  5181 F DEBUG   :     r8  0000760e65f69fa4  r9  00000000000032d0  r10 0000000000000000  r11 0000000000000206
09-22 22:18:08.412  5181  5181 F DEBUG   :     r12 0000000000001000  r13 00000000000005b7  r14 0000760ba16b2be0  r15 0000000000008928
09-22 22:18:08.412  5181  5181 F DEBUG   :     rdi 0000760ba1a78ee8  rsi 0000000000001000
09-22 22:18:08.412  5181  5181 F DEBUG   :     rbp 00007ffcc4d7ba70  rsp 00007ffcc4d7ba08  rip 0000760ba16b2be0
09-22 22:18:08.412  5181  5181 F DEBUG   : 4 total frames
09-22 22:18:08.412  5181  5181 F DEBUG   : backtrace:
09-22 22:18:08.412  5181  5181 F DEBUG   :       #00 pc 0000760ba16b2be0  <unknown>
09-22 22:18:08.412  5181  5181 F DEBUG   :       #01 pc 000000000005846f  /apex/com.android.runtime/lib64/bionic/libc.so (__cxa_finalize+287) (BuildId: 52bc34193ef6f6311bbb44f2305d1b1d)
09-22 22:18:08.412  5181  5181 F DEBUG   :       #02 pc 000000000005c83f  /apex/com.android.runtime/lib64/bionic/libc.so (exit+31) (BuildId: 52bc34193ef6f6311bbb44f2305d1b1d)
09-22 22:18:08.412  5181  5181 F DEBUG   :       #03 pc 00000000000520dc  /apex/com.android.runtime/lib64/bionic/libc.so (__libc_init+124) (BuildId: 52bc34193ef6f6311bbb44f2305d1b1d)
09-22 22:18:20.685  5244  5244 F libc    : Fatal signal 11 (SIGSEGV), code 1 (SEGV_MAPERR), fault addr 0x77dd81cd4be0 in tid 5244 (Shutdown thread), pid 5244 (Shutdown thread)
09-22 22:18:20.712  5262  5262 F DEBUG   : *** *** *** *** *** *** *** *** *** *** *** *** *** *** *** ***
09-22 22:18:20.712  5262  5262 F DEBUG   : Build fingerprint: 'Samsung/r9q/r9q:15/V417IR/972:user/release-keys'
09-22 22:18:20.712  5262  5262 F DEBUG   : Revision: '0'
09-22 22:18:20.712  5262  5262 F DEBUG   : ABI: 'x86_64'
09-22 22:18:20.712  5262  5262 F DEBUG   : Timestamp: 2026-09-22 22:18:20.694951235+0800
09-22 22:18:20.712  5262  5262 F DEBUG   : Process uptime: 4s
09-22 22:18:20.712  5262  5262 F DEBUG   : Cmdline: uiautomator
09-22 22:18:20.712  5262  5262 F DEBUG   : pid: 5244, tid: 5244, name: Shutdown thread  >>> uiautomator <<<
09-22 22:18:20.712  5262  5262 F DEBUG   : uid: 2000
09-22 22:18:20.712  5262  5262 F DEBUG   : signal 11 (SIGSEGV), code 1 (SEGV_MAPERR), fault addr 0x000077dd81cd4be0
09-22 22:18:20.712  5262  5262 F DEBUG   :     rax 0000000000000000  rbx 000077e0553e489c  rcx 0000000000000001  rdx 0000000000000002
09-22 22:18:20.712  5262  5262 F DEBUG   :     r8  0000000000000020  r9  0000000000020002  r10 0000000000000001  r11 0000000000000206
09-22 22:18:20.712  5262  5262 F DEBUG   :     r12 0000000000001000  r13 00000000000005b7  r14 000077dd81cd4be0  r15 0000000000008928
09-22 22:18:20.712  5262  5262 F DEBUG   :     rdi 000077dd8209aee8  rsi 0000000000001000
09-22 22:18:20.712  5262  5262 F DEBUG   :     rbp 00007ffdbb85ef70  rsp 00007ffdbb85ef08  rip 000077dd81cd4be0
09-22 22:18:20.712  5262  5262 F DEBUG   : 4 total frames
09-22 22:18:20.712  5262  5262 F DEBUG   : backtrace:
09-22 22:18:20.712  5262  5262 F DEBUG   :       #00 pc 000077dd81cd4be0  <unknown>
09-22 22:18:20.712  5262  5262 F DEBUG   :       #01 pc 000000000005846f  /apex/com.android.runtime/lib64/bionic/libc.so (__cxa_finalize+287) (BuildId: 52bc34193ef6f6311bbb44f2305d1b1d)
09-22 22:18:20.712  5262  5262 F DEBUG   :       #02 pc 000000000005c83f  /apex/com.android.runtime/lib64/bionic/libc.so (exit+31) (BuildId: 52bc34193ef6f6311bbb44f2305d1b1d)
09-22 22:18:20.712  5262  5262 F DEBUG   :       #03 pc 00000000000520dc  /apex/com.android.runtime/lib64/bionic/libc.so (__libc_init+124) (BuildId: 52bc34193ef6f6311bbb44f2305d1b1d)
09-22 22:18:28.233  5277  5277 F libc    : Fatal signal 11 (SIGSEGV), code 1 (SEGV_MAPERR), fault addr 0x7101a30b7be0 in tid 5277 (Shutdown thread), pid 5277 (Shutdown thread)
09-22 22:18:28.261  5293  5293 F DEBUG   : *** *** *** *** *** *** *** *** *** *** *** *** *** *** *** ***
09-22 22:18:28.261  5293  5293 F DEBUG   : Build fingerprint: 'Samsung/r9q/r9q:15/V417IR/972:user/release-keys'
09-22 22:18:28.261  5293  5293 F DEBUG   : Revision: '0'
09-22 22:18:28.261  5293  5293 F DEBUG   : ABI: 'x86_64'
09-22 22:18:28.261  5293  5293 F DEBUG   : Timestamp: 2026-09-22 22:18:28.240929782+0800
09-22 22:18:28.261  5293  5293 F DEBUG   : Process uptime: 3s
09-22 22:18:28.261  5293  5293 F DEBUG   : Cmdline: uiautomator
09-22 22:18:28.261  5293  5293 F DEBUG   : pid: 5277, tid: 5277, name: Shutdown thread  >>> uiautomator <<<
09-22 22:18:28.261  5293  5293 F DEBUG   : uid: 2000
09-22 22:18:28.261  5293  5293 F DEBUG   : signal 11 (SIGSEGV), code 1 (SEGV_MAPERR), fault addr 0x00007101a30b7be0
09-22 22:18:28.261  5293  5293 F DEBUG   :     rax 0000000000000000  rbx 00007104961b189c  rcx 0000000000000001  rdx 0000000000000002
09-22 22:18:28.261  5293  5293 F DEBUG   :     r8  0000000000000020  r9  0000000000020002  r10 0000000000000001  r11 0000000000000206
09-22 22:18:28.261  5293  5293 F DEBUG   :     r12 0000000000001000  r13 00000000000005b7  r14 00007101a30b7be0  r15 0000000000008928
09-22 22:18:28.261  5293  5293 F DEBUG   :     rdi 00007101a347dee8  rsi 0000000000001000
09-22 22:18:28.261  5293  5293 F DEBUG   :     rbp 00007ffedc4e7360  rsp 00007ffedc4e72f8  rip 00007101a30b7be0
09-22 22:18:28.261  5293  5293 F DEBUG   : 4 total frames
09-22 22:18:28.261  5293  5293 F DEBUG   : backtrace:
09-22 22:18:28.261  5293  5293 F DEBUG   :       #00 pc 00007101a30b7be0  <unknown>
09-22 22:18:28.261  5293  5293 F DEBUG   :       #01 pc 000000000005846f  /apex/com.android.runtime/lib64/bionic/libc.so (__cxa_finalize+287) (BuildId: 52bc34193ef6f6311bbb44f2305d1b1d)
09-22 22:18:28.261  5293  5293 F DEBUG   :       #02 pc 000000000005c83f  /apex/com.android.runtime/lib64/bionic/libc.so (exit+31) (BuildId: 52bc34193ef6f6311bbb44f2305d1b1d)
09-22 22:18:28.261  5293  5293 F DEBUG   :       #03 pc 00000000000520dc  /apex/com.android.runtime/lib64/bionic/libc.so (__libc_init+124) (BuildId: 52bc34193ef6f6311bbb44f2305d1b1d)
09-22 22:18:35.417  5308  5308 F libc    : Fatal signal 11 (SIGSEGV), code 1 (SEGV_MAPERR), fault addr 0x7314a08dbbe0 in tid 5308 (Shutdown thread), pid 5308 (Shutdown thread)
09-22 22:18:35.449  5326  5326 F DEBUG   : *** *** *** *** *** *** *** *** *** *** *** *** *** *** *** ***
09-22 22:18:35.449  5326  5326 F DEBUG   : Build fingerprint: 'Samsung/r9q/r9q:15/V417IR/972:user/release-keys'
09-22 22:18:35.449  5326  5326 F DEBUG   : Revision: '0'
09-22 22:18:35.449  5326  5326 F DEBUG   : ABI: 'x86_64'
09-22 22:18:35.449  5326  5326 F DEBUG   : Timestamp: 2026-09-22 22:18:35.425235691+0800
09-22 22:18:35.449  5326  5326 F DEBUG   : Process uptime: 3s
09-22 22:18:35.449  5326  5326 F DEBUG   : Cmdline: uiautomator
09-22 22:18:35.449  5326  5326 F DEBUG   : pid: 5308, tid: 5308, name: Shutdown thread  >>> uiautomator <<<
09-22 22:18:35.449  5326  5326 F DEBUG   : uid: 2000
09-22 22:18:35.449  5326  5326 F DEBUG   : signal 11 (SIGSEGV), code 1 (SEGV_MAPERR), fault addr 0x00007314a08dbbe0
09-22 22:18:35.449  5326  5326 F DEBUG   :     rax 0000000000000000  rbx 0000731789f6d89c  rcx 0000000000000001  rdx 0000000000000002
09-22 22:18:35.449  5326  5326 F DEBUG   :     r8  0000000000000020  r9  0000000000020002  r10 0000000000000001  r11 0000000000000206
09-22 22:18:35.449  5326  5326 F DEBUG   :     r12 0000000000001000  r13 00000000000005b7  r14 00007314a08dbbe0  r15 0000000000008928
09-22 22:18:35.449  5326  5326 F DEBUG   :     rdi 00007314a0ca1ee8  rsi 0000000000001000
09-22 22:18:35.449  5326  5326 F DEBUG   :     rbp 00007fff9be7fb90  rsp 00007fff9be7fb28  rip 00007314a08dbbe0
09-22 22:18:35.449  5326  5326 F DEBUG   : 4 total frames
09-22 22:18:35.449  5326  5326 F DEBUG   : backtrace:
09-22 22:18:35.449  5326  5326 F DEBUG   :       #00 pc 00007314a08dbbe0  <unknown>
09-22 22:18:35.449  5326  5326 F DEBUG   :       #01 pc 000000000005846f  /apex/com.android.runtime/lib64/bionic/libc.so (__cxa_finalize+287) (BuildId: 52bc34193ef6f6311bbb44f2305d1b1d)
09-22 22:18:35.449  5326  5326 F DEBUG   :       #02 pc 000000000005c83f  /apex/com.android.runtime/lib64/bionic/libc.so (exit+31) (BuildId: 52bc34193ef6f6311bbb44f2305d1b1d)
09-22 22:18:35.449  5326  5326 F DEBUG   :       #03 pc 00000000000520dc  /apex/com.android.runtime/lib64/bionic/libc.so (__libc_init+124) (BuildId: 52bc34193ef6f6311bbb44f2305d1b1d)
09-22 22:18:47.480  5341  5341 F libc    : Fatal signal 11 (SIGSEGV), code 1 (SEGV_MAPERR), fault addr 0x769cee656be0 in tid 5341 (Shutdown thread), pid 5341 (Shutdown thread)
09-22 22:18:47.514  5358  5358 F DEBUG   : *** *** *** *** *** *** *** *** *** *** *** *** *** *** *** ***
09-22 22:18:47.514  5358  5358 F DEBUG   : Build fingerprint: 'Samsung/r9q/r9q:15/V417IR/972:user/release-keys'
09-22 22:18:47.514  5358  5358 F DEBUG   : Revision: '0'
09-22 22:18:47.514  5358  5358 F DEBUG   : ABI: 'x86_64'
09-22 22:18:47.514  5358  5358 F DEBUG   : Timestamp: 2026-09-22 22:18:47.489500208+0800
09-22 22:18:47.514  5358  5358 F DEBUG   : Process uptime: 4s
09-22 22:18:47.514  5358  5358 F DEBUG   : Cmdline: uiautomator
09-22 22:18:47.514  5358  5358 F DEBUG   : pid: 5341, tid: 5341, name: Shutdown thread  >>> uiautomator <<<
09-22 22:18:47.514  5358  5358 F DEBUG   : uid: 2000
09-22 22:18:47.514  5358  5358 F DEBUG   : signal 11 (SIGSEGV), code 1 (SEGV_MAPERR), fault addr 0x0000769cee656be0
09-22 22:18:47.514  5358  5358 F DEBUG   :     rax 0000000000000000  rbx 0000769fbcb8d89c  rcx 0000000000000001  rdx 0000000000000002
09-22 22:18:47.514  5358  5358 F DEBUG   :     r8  0000769fbcb84fa4  r9  00000000000032eb  r10 0000000000000000  r11 0000000000000206
09-22 22:18:47.514  5358  5358 F DEBUG   :     r12 0000000000001000  r13 00000000000005b7  r14 0000769cee656be0  r15 0000000000008928
09-22 22:18:47.514  5358  5358 F DEBUG   :     rdi 0000769ceea1cee8  rsi 0000000000001000
09-22 22:18:47.514  5358  5358 F DEBUG   :     rbp 00007ffcf3a1a4a0  rsp 00007ffcf3a1a438  rip 0000769cee656be0
09-22 22:18:47.514  5358  5358 F DEBUG   : 4 total frames
09-22 22:18:47.514  5358  5358 F DEBUG   : backtrace:
09-22 22:18:47.514  5358  5358 F DEBUG   :       #00 pc 0000769cee656be0  <unknown>
09-22 22:18:47.514  5358  5358 F DEBUG   :       #01 pc 000000000005846f  /apex/com.android.runtime/lib64/bionic/libc.so (__cxa_finalize+287) (BuildId: 52bc34193ef6f6311bbb44f2305d1b1d)
09-22 22:18:47.514  5358  5358 F DEBUG   :       #02 pc 000000000005c83f  /apex/com.android.runtime/lib64/bionic/libc.so (exit+31) (BuildId: 52bc34193ef6f6311bbb44f2305d1b1d)
09-22 22:18:47.514  5358  5358 F DEBUG   :       #03 pc 00000000000520dc  /apex/com.android.runtime/lib64/bionic/libc.so (__libc_init+124) (BuildId: 52bc34193ef6f6311bbb44f2305d1b1d)
09-22 22:18:54.898  5371  5371 F libc    : Fatal signal 7 (SIGBUS), code 2 (BUS_ADRERR), fault addr 0x788d4c2b0be0 in tid 5371 (Shutdown thread), pid 5371 (Shutdown thread)
09-22 22:18:54.927  5390  5390 F DEBUG   : *** *** *** *** *** *** *** *** *** *** *** *** *** *** *** ***
09-22 22:18:54.927  5390  5390 F DEBUG   : Build fingerprint: 'Samsung/r9q/r9q:15/V417IR/972:user/release-keys'
09-22 22:18:54.927  5390  5390 F DEBUG   : Revision: '0'
09-22 22:18:54.927  5390  5390 F DEBUG   : ABI: 'x86_64'
09-22 22:18:54.927  5390  5390 F DEBUG   : Timestamp: 2026-09-22 22:18:54.905246327+0800
09-22 22:18:54.927  5390  5390 F DEBUG   : Process uptime: 5s
09-22 22:18:54.927  5390  5390 F DEBUG   : Cmdline: uiautomator
09-22 22:18:54.927  5390  5390 F DEBUG   : pid: 5371, tid: 5371, name: Shutdown thread  >>> uiautomator <<<
09-22 22:18:54.927  5390  5390 F DEBUG   : uid: 2000
09-22 22:18:54.927  5390  5390 F DEBUG   : signal 7 (SIGBUS), code 2 (BUS_ADRERR), fault addr 0x0000788d4c2b0be0
09-22 22:18:54.927  5390  5390 F DEBUG   :     rax 0000000000000000  rbx 000078903c97189c  rcx 0000000000000001  rdx 0000000000000002
09-22 22:18:54.927  5390  5390 F DEBUG   :     r8  0000000000000020  r9  0000000000020002  r10 0000000000000001  r11 0000000000000206
09-22 22:18:54.927  5390  5390 F DEBUG   :     r12 0000000000001000  r13 00000000000005b7  r14 0000788d4c2b0be0  r15 0000000000008928
09-22 22:18:54.927  5390  5390 F DEBUG   :     rdi 0000788d4c676ee8  rsi 0000000000001000
09-22 22:18:54.927  5390  5390 F DEBUG   :     rbp 00007ffdd2e02470  rsp 00007ffdd2e02408  rip 0000788d4c2b0be0
09-22 22:18:54.927  5390  5390 F DEBUG   : 4 total frames
09-22 22:18:54.927  5390  5390 F DEBUG   : backtrace:
09-22 22:18:54.927  5390  5390 F DEBUG   :       #00 pc 0000788d4c2b0be0  <unknown>
09-22 22:18:54.927  5390  5390 F DEBUG   :       #01 pc 000000000005846f  /apex/com.android.runtime/lib64/bionic/libc.so (__cxa_finalize+287) (BuildId: 52bc34193ef6f6311bbb44f2305d1b1d)
09-22 22:18:54.927  5390  5390 F DEBUG   :       #02 pc 000000000005c83f  /apex/com.android.runtime/lib64/bionic/libc.so (exit+31) (BuildId: 52bc34193ef6f6311bbb44f2305d1b1d)
09-22 22:18:54.927  5390  5390 F DEBUG   :       #03 pc 00000000000520dc  /apex/com.android.runtime/lib64/bionic/libc.so (__libc_init+124) (BuildId: 52bc34193ef6f6311bbb44f2305d1b1d)
09-22 22:19:02.381  5402  5402 F libc    : Fatal signal 11 (SIGSEGV), code 1 (SEGV_MAPERR), fault addr 0x77328b0a9be0 in tid 5402 (Shutdown thread), pid 5402 (Shutdown thread)
09-22 22:19:02.413  5419  5419 F DEBUG   : *** *** *** *** *** *** *** *** *** *** *** *** *** *** *** ***
09-22 22:19:02.413  5419  5419 F DEBUG   : Build fingerprint: 'Samsung/r9q/r9q:15/V417IR/972:user/release-keys'
09-22 22:19:02.413  5419  5419 F DEBUG   : Revision: '0'
09-22 22:19:02.413  5419  5419 F DEBUG   : ABI: 'x86_64'
09-22 22:19:02.413  5419  5419 F DEBUG   : Timestamp: 2026-09-22 22:19:02.390158059+0800
09-22 22:19:02.413  5419  5419 F DEBUG   : Process uptime: 4s
09-22 22:19:02.413  5419  5419 F DEBUG   : Cmdline: uiautomator
09-22 22:19:02.413  5419  5419 F DEBUG   : pid: 5402, tid: 5402, name: Shutdown thread  >>> uiautomator <<<
09-22 22:19:02.413  5419  5419 F DEBUG   : uid: 2000
09-22 22:19:02.413  5419  5419 F DEBUG   : signal 11 (SIGSEGV), code 1 (SEGV_MAPERR), fault addr 0x000077328b0a9be0
09-22 22:19:02.413  5419  5419 F DEBUG   :     rax 0000000000000000  rbx 00007735599f289c  rcx 0000000000000001  rdx 0000000000000002
09-22 22:19:02.413  5419  5419 F DEBUG   :     r8  0000000000000020  r9  0000000000020002  r10 0000000000000001  r11 0000000000000206
09-22 22:19:02.413  5419  5419 F DEBUG   :     r12 0000000000001000  r13 00000000000005b7  r14 000077328b0a9be0  r15 0000000000008928
09-22 22:19:02.413  5419  5419 F DEBUG   :     rdi 000077328b46fee8  rsi 0000000000001000
09-22 22:19:02.413  5419  5419 F DEBUG   :     rbp 00007fff21c6a350  rsp 00007fff21c6a2e8  rip 000077328b0a9be0
09-22 22:19:02.413  5419  5419 F DEBUG   : 4 total frames
09-22 22:19:02.413  5419  5419 F DEBUG   : backtrace:
09-22 22:19:02.413  5419  5419 F DEBUG   :       #00 pc 000077328b0a9be0  <unknown>
09-22 22:19:02.413  5419  5419 F DEBUG   :       #01 pc 000000000005846f  /apex/com.android.runtime/lib64/bionic/libc.so (__cxa_finalize+287) (BuildId: 52bc34193ef6f6311bbb44f2305d1b1d)
09-22 22:19:02.413  5419  5419 F DEBUG   :       #02 pc 000000000005c83f  /apex/com.android.runtime/lib64/bionic/libc.so (exit+31) (BuildId: 52bc34193ef6f6311bbb44f2305d1b1d)
09-22 22:19:02.413  5419  5419 F DEBUG   :       #03 pc 00000000000520dc  /apex/com.android.runtime/lib64/bionic/libc.so (__libc_init+124) (BuildId: 52bc34193ef6f6311bbb44f2305d1b1d)
09-22 22:19:10.433  5434  5434 F libc    : Fatal signal 11 (SIGSEGV), code 1 (SEGV_MAPERR), fault addr 0x7027d7486be0 in tid 5434 (Shutdown thread), pid 5434 (Shutdown thread)
09-22 22:19:10.473  5451  5451 F DEBUG   : *** *** *** *** *** *** *** *** *** *** *** *** *** *** *** ***
09-22 22:19:10.473  5451  5451 F DEBUG   : Build fingerprint: 'Samsung/r9q/r9q:15/V417IR/972:user/release-keys'
09-22 22:19:10.473  5451  5451 F DEBUG   : Revision: '0'
09-22 22:19:10.473  5451  5451 F DEBUG   : ABI: 'x86_64'
09-22 22:19:10.473  5451  5451 F DEBUG   : Timestamp: 2026-09-22 22:19:10.443543477+0800
09-22 22:19:10.473  5451  5451 F DEBUG   : Process uptime: 4s
09-22 22:19:10.473  5451  5451 F DEBUG   : Cmdline: uiautomator
09-22 22:19:10.473  5451  5451 F DEBUG   : pid: 5434, tid: 5434, name: Shutdown thread  >>> uiautomator <<<
09-22 22:19:10.473  5451  5451 F DEBUG   : uid: 2000
09-22 22:19:10.473  5451  5451 F DEBUG   : signal 11 (SIGSEGV), code 1 (SEGV_MAPERR), fault addr 0x00007027d7486be0
09-22 22:19:10.473  5451  5451 F DEBUG   :     rax 0000000000000000  rbx 0000702ab0df589c  rcx 0000000000000001  rdx 0000000000000002
09-22 22:19:10.473  5451  5451 F DEBUG   :     r8  0000702ab0decfa4  r9  000000000000330f  r10 0000000000000000  r11 0000000000000206
09-22 22:19:10.473  5451  5451 F DEBUG   :     r12 0000000000001000  r13 00000000000005b7  r14 00007027d7486be0  r15 0000000000008928
09-22 22:19:10.473  5451  5451 F DEBUG   :     rdi 00007027d784cee8  rsi 0000000000001000
09-22 22:19:10.473  5451  5451 F DEBUG   :     rbp 00007ffd28367500  rsp 00007ffd28367498  rip 00007027d7486be0
09-22 22:19:10.473  5451  5451 F DEBUG   : 4 total frames
09-22 22:19:10.473  5451  5451 F DEBUG   : backtrace:
09-22 22:19:10.473  5451  5451 F DEBUG   :       #00 pc 00007027d7486be0  <unknown>
09-22 22:19:10.473  5451  5451 F DEBUG   :       #01 pc 000000000005846f  /apex/com.android.runtime/lib64/bionic/libc.so (__cxa_finalize+287) (BuildId: 52bc34193ef6f6311bbb44f2305d1b1d)
09-22 22:19:10.473  5451  5451 F DEBUG   :       #02 pc 000000000005c83f  /apex/com.android.runtime/lib64/bionic/libc.so (exit+31) (BuildId: 52bc34193ef6f6311bbb44f2305d1b1d)
09-22 22:19:10.473  5451  5451 F DEBUG   :       #03 pc 00000000000520dc  /apex/com.android.runtime/lib64/bionic/libc.so (__libc_init+124) (BuildId: 52bc34193ef6f6311bbb44f2305d1b1d)
09-22 22:19:16.579  5465  5465 F libc    : Fatal signal 11 (SIGSEGV), code 1 (SEGV_MAPERR), fault addr 0x731d31cafbe0 in tid 5465 (Shutdown thread), pid 5465 (Shutdown thread)
09-22 22:19:16.606  5481  5481 F DEBUG   : *** *** *** *** *** *** *** *** *** *** *** *** *** *** *** ***
09-22 22:19:16.606  5481  5481 F DEBUG   : Build fingerprint: 'Samsung/r9q/r9q:15/V417IR/972:user/release-keys'
09-22 22:19:16.606  5481  5481 F DEBUG   : Revision: '0'
09-22 22:19:16.606  5481  5481 F DEBUG   : ABI: 'x86_64'
09-22 22:19:16.606  5481  5481 F DEBUG   : Timestamp: 2026-09-22 22:19:16.586344253+0800
09-22 22:19:16.606  5481  5481 F DEBUG   : Process uptime: 3s
09-22 22:19:16.606  5481  5481 F DEBUG   : Cmdline: uiautomator
09-22 22:19:16.606  5481  5481 F DEBUG   : pid: 5465, tid: 5465, name: Shutdown thread  >>> uiautomator <<<
09-22 22:19:16.606  5481  5481 F DEBUG   : uid: 2000
09-22 22:19:16.606  5481  5481 F DEBUG   : signal 11 (SIGSEGV), code 1 (SEGV_MAPERR), fault addr 0x0000731d31cafbe0
09-22 22:19:16.606  5481  5481 F DEBUG   :     rax 0000000000000000  rbx 0000732002ef889c  rcx 0000000000000001  rdx 0000000000000002
09-22 22:19:16.606  5481  5481 F DEBUG   :     r8  0000732002eeffa4  r9  00000000000032c7  r10 0000000000000000  r11 0000000000000206
09-22 22:19:16.606  5481  5481 F DEBUG   :     r12 0000000000001000  r13 00000000000005b7  r14 0000731d31cafbe0  r15 0000000000008928
09-22 22:19:16.606  5481  5481 F DEBUG   :     rdi 0000731d32075ee8  rsi 0000000000001000
09-22 22:19:16.606  5481  5481 F DEBUG   :     rbp 00007ffc2707c020  rsp 00007ffc2707bfb8  rip 0000731d31cafbe0
09-22 22:19:16.606  5481  5481 F DEBUG   : 4 total frames
09-22 22:19:16.606  5481  5481 F DEBUG   : backtrace:
09-22 22:19:16.606  5481  5481 F DEBUG   :       #00 pc 0000731d31cafbe0  <unknown>
09-22 22:19:16.606  5481  5481 F DEBUG   :       #01 pc 000000000005846f  /apex/com.android.runtime/lib64/bionic/libc.so (__cxa_finalize+287) (BuildId: 52bc34193ef6f6311bbb44f2305d1b1d)
09-22 22:19:16.606  5481  5481 F DEBUG   :       #02 pc 000000000005c83f  /apex/com.android.runtime/lib64/bionic/libc.so (exit+31) (BuildId: 52bc34193ef6f6311bbb44f2305d1b1d)
09-22 22:19:16.606  5481  5481 F DEBUG   :       #03 pc 00000000000520dc  /apex/com.android.runtime/lib64/bionic/libc.so (__libc_init+124) (BuildId: 52bc34193ef6f6311bbb44f2305d1b1d)
09-22 22:19:27.981  5530  5530 F libc    : Fatal signal 11 (SIGSEGV), code 1 (SEGV_MAPERR), fault addr 0x7c3264cf3be0 in tid 5530 (Shutdown thread), pid 5530 (Shutdown thread)
09-22 22:19:28.012  5546  5546 F DEBUG   : *** *** *** *** *** *** *** *** *** *** *** *** *** *** *** ***
09-22 22:19:28.012  5546  5546 F DEBUG   : Build fingerprint: 'Samsung/r9q/r9q:15/V417IR/972:user/release-keys'
09-22 22:19:28.012  5546  5546 F DEBUG   : Revision: '0'
09-22 22:19:28.012  5546  5546 F DEBUG   : ABI: 'x86_64'
09-22 22:19:28.012  5546  5546 F DEBUG   : Timestamp: 2026-09-22 22:19:27.988657253+0800
09-22 22:19:28.012  5546  5546 F DEBUG   : Process uptime: 3s
09-22 22:19:28.012  5546  5546 F DEBUG   : Cmdline: uiautomator
09-22 22:19:28.012  5546  5546 F DEBUG   : pid: 5530, tid: 5530, name: Shutdown thread  >>> uiautomator <<<
09-22 22:19:28.012  5546  5546 F DEBUG   : uid: 2000
09-22 22:19:28.012  5546  5546 F DEBUG   : signal 11 (SIGSEGV), code 1 (SEGV_MAPERR), fault addr 0x00007c3264cf3be0
09-22 22:19:28.012  5546  5546 F DEBUG   :     rax 0000000000000000  rbx 00007c352e7e289c  rcx 0000000000000001  rdx 0000000000000002
09-22 22:19:28.012  5546  5546 F DEBUG   :     r8  0000000000000020  r9  0000000000020002  r10 0000000000000001  r11 0000000000000206
09-22 22:19:28.012  5546  5546 F DEBUG   :     r12 0000000000001000  r13 00000000000005b7  r14 00007c3264cf3be0  r15 0000000000008928
09-22 22:19:28.012  5546  5546 F DEBUG   :     rdi 00007c32650b9ee8  rsi 0000000000001000
09-22 22:19:28.012  5546  5546 F DEBUG   :     rbp 00007ffee1935e10  rsp 00007ffee1935da8  rip 00007c3264cf3be0
09-22 22:19:28.012  5546  5546 F DEBUG   : 4 total frames
09-22 22:19:28.012  5546  5546 F DEBUG   : backtrace:
09-22 22:19:28.012  5546  5546 F DEBUG   :       #00 pc 00007c3264cf3be0  <unknown>
09-22 22:19:28.012  5546  5546 F DEBUG   :       #01 pc 000000000005846f  /apex/com.android.runtime/lib64/bionic/libc.so (__cxa_finalize+287) (BuildId: 52bc34193ef6f6311bbb44f2305d1b1d)
09-22 22:19:28.012  5546  5546 F DEBUG   :       #02 pc 000000000005c83f  /apex/com.android.runtime/lib64/bionic/libc.so (exit+31) (BuildId: 52bc34193ef6f6311bbb44f2305d1b1d)
09-22 22:19:28.012  5546  5546 F DEBUG   :       #03 pc 00000000000520dc  /apex/com.android.runtime/lib64/bionic/libc.so (__libc_init+124) (BuildId: 52bc34193ef6f6311bbb44f2305d1b1d)
09-22 22:19:34.633  5562  5562 F libc    : Fatal signal 11 (SIGSEGV), code 1 (SEGV_MAPERR), fault addr 0x76d9a1a71be0 in tid 5562 (Shutdown thread), pid 5562 (Shutdown thread)
09-22 22:19:34.676  5579  5579 F DEBUG   : *** *** *** *** *** *** *** *** *** *** *** *** *** *** *** ***
09-22 22:19:34.676  5579  5579 F DEBUG   : Build fingerprint: 'Samsung/r9q/r9q:15/V417IR/972:user/release-keys'
09-22 22:19:34.676  5579  5579 F DEBUG   : Revision: '0'
09-22 22:19:34.676  5579  5579 F DEBUG   : ABI: 'x86_64'
09-22 22:19:34.676  5579  5579 F DEBUG   : Timestamp: 2026-09-22 22:19:34.643837124+0800
09-22 22:19:34.676  5579  5579 F DEBUG   : Process uptime: 3s
09-22 22:19:34.676  5579  5579 F DEBUG   : Cmdline: uiautomator
09-22 22:19:34.676  5579  5579 F DEBUG   : pid: 5562, tid: 5562, name: Shutdown thread  >>> uiautomator <<<
09-22 22:19:34.676  5579  5579 F DEBUG   : uid: 2000
09-22 22:19:34.676  5579  5579 F DEBUG   : signal 11 (SIGSEGV), code 1 (SEGV_MAPERR), fault addr 0x000076d9a1a71be0
09-22 22:19:34.676  5579  5579 F DEBUG   :     rax 0000000000000000  rbx 000076dc6e13489c  rcx 0000000000000001  rdx 0000000000000002
09-22 22:19:34.676  5579  5579 F DEBUG   :     r8  0000000000000020  r9  0000000000020002  r10 0000000000000001  r11 0000000000000206
09-22 22:19:34.676  5579  5579 F DEBUG   :     r12 0000000000001000  r13 00000000000005b7  r14 000076d9a1a71be0  r15 0000000000008928
09-22 22:19:34.676  5579  5579 F DEBUG   :     rdi 000076d9a1e37ee8  rsi 0000000000001000
09-22 22:19:34.676  5579  5579 F DEBUG   :     rbp 00007ffe0eb79450  rsp 00007ffe0eb793e8  rip 000076d9a1a71be0
09-22 22:19:34.676  5579  5579 F DEBUG   : 4 total frames
09-22 22:19:34.676  5579  5579 F DEBUG   : backtrace:
09-22 22:19:34.676  5579  5579 F DEBUG   :       #00 pc 000076d9a1a71be0  <unknown>
09-22 22:19:34.676  5579  5579 F DEBUG   :       #01 pc 000000000005846f  /apex/com.android.runtime/lib64/bionic/libc.so (__cxa_finalize+287) (BuildId: 52bc34193ef6f6311bbb44f2305d1b1d)
09-22 22:19:34.676  5579  5579 F DEBUG   :       #02 pc 000000000005c83f  /apex/com.android.runtime/lib64/bionic/libc.so (exit+31) (BuildId: 52bc34193ef6f6311bbb44f2305d1b1d)
09-22 22:19:34.676  5579  5579 F DEBUG   :       #03 pc 00000000000520dc  /apex/com.android.runtime/lib64/bionic/libc.so (__libc_init+124) (BuildId: 52bc34193ef6f6311bbb44f2305d1b1d)
09-22 22:27:31.797  5781  5781 F libc    : Fatal signal 11 (SIGSEGV), code 1 (SEGV_MAPERR), fault addr 0x74ecb2e5abe0 in tid 5781 (Shutdown thread), pid 5781 (Shutdown thread)
09-22 22:27:31.836  5801  5801 F DEBUG   : *** *** *** *** *** *** *** *** *** *** *** *** *** *** *** ***
09-22 22:27:31.836  5801  5801 F DEBUG   : Build fingerprint: 'Samsung/r9q/r9q:15/V417IR/972:user/release-keys'
09-22 22:27:31.836  5801  5801 F DEBUG   : Revision: '0'
09-22 22:27:31.836  5801  5801 F DEBUG   : ABI: 'x86_64'
09-22 22:27:31.836  5801  5801 F DEBUG   : Timestamp: 2026-09-22 22:27:31.807571563+0800
09-22 22:27:31.836  5801  5801 F DEBUG   : Process uptime: 3s
09-22 22:27:31.836  5801  5801 F DEBUG   : Cmdline: uiautomator
09-22 22:27:31.836  5801  5801 F DEBUG   : pid: 5781, tid: 5781, name: Shutdown thread  >>> uiautomator <<<
09-22 22:27:31.836  5801  5801 F DEBUG   : uid: 2000
09-22 22:27:31.836  5801  5801 F DEBUG   : signal 11 (SIGSEGV), code 1 (SEGV_MAPERR), fault addr 0x000074ecb2e5abe0
09-22 22:27:31.836  5801  5801 F DEBUG   :     rax 0000000000000000  rbx 000074ef8ffe089c  rcx 0000000000000001  rdx 0000000000000002
09-22 22:27:31.836  5801  5801 F DEBUG   :     r8  0000000000000020  r9  0000000000020002  r10 0000000000000001  r11 0000000000000206
09-22 22:27:31.836  5801  5801 F DEBUG   :     r12 0000000000001000  r13 00000000000005b7  r14 000074ecb2e5abe0  r15 0000000000008928
09-22 22:27:31.836  5801  5801 F DEBUG   :     rdi 000074ecb3220ee8  rsi 0000000000001000
09-22 22:27:31.836  5801  5801 F DEBUG   :     rbp 00007ffd50ecaf70  rsp 00007ffd50ecaf08  rip 000074ecb2e5abe0
09-22 22:27:31.836  5801  5801 F DEBUG   : 4 total frames
09-22 22:27:31.836  5801  5801 F DEBUG   : backtrace:
09-22 22:27:31.836  5801  5801 F DEBUG   :       #00 pc 000074ecb2e5abe0  <unknown>
09-22 22:27:31.836  5801  5801 F DEBUG   :       #01 pc 000000000005846f  /apex/com.android.runtime/lib64/bionic/libc.so (__cxa_finalize+287) (BuildId: 52bc34193ef6f6311bbb44f2305d1b1d)
09-22 22:27:31.836  5801  5801 F DEBUG   :       #02 pc 000000000005c83f  /apex/com.android.runtime/lib64/bionic/libc.so (exit+31) (BuildId: 52bc34193ef6f6311bbb44f2305d1b1d)
09-22 22:27:31.836  5801  5801 F DEBUG   :       #03 pc 00000000000520dc  /apex/com.android.runtime/lib64/bionic/libc.so (__libc_init+124) (BuildId: 52bc34193ef6f6311bbb44f2305d1b1d)
09-22 22:28:16.465  5827  5827 F libc    : Fatal signal 11 (SIGSEGV), code 2 (SEGV_ACCERR), fault addr 0x760be5cdabe0 in tid 5827 (Shutdown thread), pid 5827 (Shutdown thread)
09-22 22:28:16.497  5845  5845 F DEBUG   : *** *** *** *** *** *** *** *** *** *** *** *** *** *** *** ***
09-22 22:28:16.497  5845  5845 F DEBUG   : Build fingerprint: 'Samsung/r9q/r9q:15/V417IR/972:user/release-keys'
09-22 22:28:16.497  5845  5845 F DEBUG   : Revision: '0'
09-22 22:28:16.497  5845  5845 F DEBUG   : ABI: 'x86_64'
09-22 22:28:16.497  5845  5845 F DEBUG   : Timestamp: 2026-09-22 22:28:16.472857266+0800
09-22 22:28:16.497  5845  5845 F DEBUG   : Process uptime: 3s
09-22 22:28:16.497  5845  5845 F DEBUG   : Cmdline: uiautomator
09-22 22:28:16.497  5845  5845 F DEBUG   : pid: 5827, tid: 5827, name: Shutdown thread  >>> uiautomator <<<
09-22 22:28:16.497  5845  5845 F DEBUG   : uid: 2000
09-22 22:28:16.497  5845  5845 F DEBUG   : signal 11 (SIGSEGV), code 2 (SEGV_ACCERR), fault addr 0x0000760be5cdabe0
09-22 22:28:16.497  5845  5845 F DEBUG   : Cause: trying to execute non-executable memory.
09-22 22:28:16.497  5845  5845 F DEBUG   :     rax 0000000000000000  rbx 0000760ebd97489c  rcx 0000000000000001  rdx 0000000000000002
09-22 22:28:16.497  5845  5845 F DEBUG   :     r8  0000000000000020  r9  0000000000020002  r10 0000000000000001  r11 0000000000000206
09-22 22:28:16.497  5845  5845 F DEBUG   :     r12 0000000000001000  r13 00000000000005b7  r14 0000760be5cdabe0  r15 0000000000008928
09-22 22:28:16.497  5845  5845 F DEBUG   :     rdi 0000760be60a0ee8  rsi 0000000000001000
09-22 22:28:16.497  5845  5845 F DEBUG   :     rbp 00007fff29c93cc0  rsp 00007fff29c93c58  rip 0000760be5cdabe0
09-22 22:28:16.497  5845  5845 F DEBUG   : 4 total frames
09-22 22:28:16.497  5845  5845 F DEBUG   : backtrace:
09-22 22:28:16.497  5845  5845 F DEBUG   :       #00 pc 0000000001adabe0  <anonymous:760be4200000>
09-22 22:28:16.497  5845  5845 F DEBUG   :       #01 pc 000000000005846f  /apex/com.android.runtime/lib64/bionic/libc.so (__cxa_finalize+287) (BuildId: 52bc34193ef6f6311bbb44f2305d1b1d)
09-22 22:28:16.497  5845  5845 F DEBUG   :       #02 pc 000000000005c83f  /apex/com.android.runtime/lib64/bionic/libc.so (exit+31) (BuildId: 52bc34193ef6f6311bbb44f2305d1b1d)
09-22 22:28:16.497  5845  5845 F DEBUG   :       #03 pc 00000000000520dc  /apex/com.android.runtime/lib64/bionic/libc.so (__libc_init+124) (BuildId: 52bc34193ef6f6311bbb44f2305d1b1d)
09-22 22:29:03.790  5909  5909 F libc    : Fatal signal 11 (SIGSEGV), code 2 (SEGV_ACCERR), fault addr 0x7969c2060be0 in tid 5909 (Shutdown thread), pid 5909 (Shutdown thread)
09-22 22:29:03.826  5925  5925 F DEBUG   : *** *** *** *** *** *** *** *** *** *** *** *** *** *** *** ***
09-22 22:29:03.826  5925  5925 F DEBUG   : Build fingerprint: 'Samsung/r9q/r9q:15/V417IR/972:user/release-keys'
09-22 22:29:03.826  5925  5925 F DEBUG   : Revision: '0'
09-22 22:29:03.826  5925  5925 F DEBUG   : ABI: 'x86_64'
09-22 22:29:03.826  5925  5925 F DEBUG   : Timestamp: 2026-09-22 22:29:03.800506914+0800
09-22 22:29:03.826  5925  5925 F DEBUG   : Process uptime: 3s
09-22 22:29:03.826  5925  5925 F DEBUG   : Cmdline: uiautomator
09-22 22:29:03.826  5925  5925 F DEBUG   : pid: 5909, tid: 5909, name: Shutdown thread  >>> uiautomator <<<
09-22 22:29:03.826  5925  5925 F DEBUG   : uid: 2000
09-22 22:29:03.826  5925  5925 F DEBUG   : signal 11 (SIGSEGV), code 2 (SEGV_ACCERR), fault addr 0x00007969c2060be0
09-22 22:29:03.826  5925  5925 F DEBUG   : Cause: trying to execute non-executable memory.
09-22 22:29:03.826  5925  5925 F DEBUG   :     rax 0000000000000000  rbx 0000796c8cbf189c  rcx 0000000000000001  rdx 0000000000000002
09-22 22:29:03.826  5925  5925 F DEBUG   :     r8  0000000000000020  r9  0000000000020002  r10 0000000000000001  r11 0000000000000206
09-22 22:29:03.826  5925  5925 F DEBUG   :     r12 0000000000001000  r13 00000000000005b7  r14 00007969c2060be0  r15 0000000000008928
09-22 22:29:03.826  5925  5925 F DEBUG   :     rdi 00007969c2426ee8  rsi 0000000000001000
09-22 22:29:03.826  5925  5925 F DEBUG   :     rbp 00007fff346f14f0  rsp 00007fff346f1488  rip 00007969c2060be0
09-22 22:29:03.826  5925  5925 F DEBUG   : 4 total frames
09-22 22:29:03.826  5925  5925 F DEBUG   : backtrace:
09-22 22:29:03.826  5925  5925 F DEBUG   :       #00 pc 0000000000c60be0  <anonymous:7969c1400000>
09-22 22:29:03.826  5925  5925 F DEBUG   :       #01 pc 000000000005846f  /apex/com.android.runtime/lib64/bionic/libc.so (__cxa_finalize+287) (BuildId: 52bc34193ef6f6311bbb44f2305d1b1d)
09-22 22:29:03.826  5925  5925 F DEBUG   :       #02 pc 000000000005c83f  /apex/com.android.runtime/lib64/bionic/libc.so (exit+31) (BuildId: 52bc34193ef6f6311bbb44f2305d1b1d)
09-22 22:29:03.826  5925  5925 F DEBUG   :       #03 pc 00000000000520dc  /apex/com.android.runtime/lib64/bionic/libc.so (__libc_init+124) (BuildId: 52bc34193ef6f6311bbb44f2305d1b1d)
09-22 22:29:12.279  5940  5940 F libc    : Fatal signal 11 (SIGSEGV), code 1 (SEGV_MAPERR), fault addr 0x7436612b1be0 in tid 5940 (Shutdown thread), pid 5940 (Shutdown thread)
09-22 22:29:12.312  5956  5956 F DEBUG   : *** *** *** *** *** *** *** *** *** *** *** *** *** *** *** ***
09-22 22:29:12.312  5956  5956 F DEBUG   : Build fingerprint: 'Samsung/r9q/r9q:15/V417IR/972:user/release-keys'
09-22 22:29:12.312  5956  5956 F DEBUG   : Revision: '0'
09-22 22:29:12.312  5956  5956 F DEBUG   : ABI: 'x86_64'
09-22 22:29:12.312  5956  5956 F DEBUG   : Timestamp: 2026-09-22 22:29:12.288851021+0800
09-22 22:29:12.312  5956  5956 F DEBUG   : Process uptime: 3s
09-22 22:29:12.312  5956  5956 F DEBUG   : Cmdline: uiautomator
09-22 22:29:12.312  5956  5956 F DEBUG   : pid: 5940, tid: 5940, name: Shutdown thread  >>> uiautomator <<<
09-22 22:29:12.312  5956  5956 F DEBUG   : uid: 2000
09-22 22:29:12.312  5956  5956 F DEBUG   : signal 11 (SIGSEGV), code 1 (SEGV_MAPERR), fault addr 0x00007436612b1be0
09-22 22:29:12.312  5956  5956 F DEBUG   :     rax 0000000000000000  rbx 000074394e92389c  rcx 0000000000000001  rdx 0000000000000002
09-22 22:29:12.312  5956  5956 F DEBUG   :     r8  0000000000000020  r9  0000000000020002  r10 0000000000000001  r11 0000000000000206
09-22 22:29:12.312  5956  5956 F DEBUG   :     r12 0000000000001000  r13 00000000000005b7  r14 00007436612b1be0  r15 0000000000008928
09-22 22:29:12.312  5956  5956 F DEBUG   :     rdi 0000743661677ee8  rsi 0000000000001000
09-22 22:29:12.312  5956  5956 F DEBUG   :     rbp 00007ffd93306e60  rsp 00007ffd93306df8  rip 00007436612b1be0
09-22 22:29:12.312  5956  5956 F DEBUG   : 4 total frames
09-22 22:29:12.312  5956  5956 F DEBUG   : backtrace:
09-22 22:29:12.312  5956  5956 F DEBUG   :       #00 pc 00007436612b1be0  <unknown>
09-22 22:29:12.312  5956  5956 F DEBUG   :       #01 pc 000000000005846f  /apex/com.android.runtime/lib64/bionic/libc.so (__cxa_finalize+287) (BuildId: 52bc34193ef6f6311bbb44f2305d1b1d)
09-22 22:29:12.312  5956  5956 F DEBUG   :       #02 pc 000000000005c83f  /apex/com.android.runtime/lib64/bionic/libc.so (exit+31) (BuildId: 52bc34193ef6f6311bbb44f2305d1b1d)
09-22 22:29:12.312  5956  5956 F DEBUG   :       #03 pc 00000000000520dc  /apex/com.android.runtime/lib64/bionic/libc.so (__libc_init+124) (BuildId: 52bc34193ef6f6311bbb44f2305d1b1d)
09-22 22:30:16.194  6010  6010 F libc    : Fatal signal 7 (SIGBUS), code 2 (BUS_ADRERR), fault addr 0x713e4e6bdbe0 in tid 6010 (Shutdown thread), pid 6010 (Shutdown thread)
09-22 22:30:16.237  6028  6028 F DEBUG   : *** *** *** *** *** *** *** *** *** *** *** *** *** *** *** ***
09-22 22:30:16.237  6028  6028 F DEBUG   : Build fingerprint: 'Samsung/r9q/r9q:15/V417IR/972:user/release-keys'
09-22 22:30:16.237  6028  6028 F DEBUG   : Revision: '0'
09-22 22:30:16.237  6028  6028 F DEBUG   : ABI: 'x86_64'
09-22 22:30:16.237  6028  6028 F DEBUG   : Timestamp: 2026-09-22 22:30:16.205162676+0800
09-22 22:30:16.237  6028  6028 F DEBUG   : Process uptime: 3s
09-22 22:30:16.237  6028  6028 F DEBUG   : Cmdline: uiautomator
09-22 22:30:16.237  6028  6028 F DEBUG   : pid: 6010, tid: 6010, name: Shutdown thread  >>> uiautomator <<<
09-22 22:30:16.237  6028  6028 F DEBUG   : uid: 2000
09-22 22:30:16.237  6028  6028 F DEBUG   : signal 7 (SIGBUS), code 2 (BUS_ADRERR), fault addr 0x0000713e4e6bdbe0
09-22 22:30:16.237  6028  6028 F DEBUG   :     rax 0000000000000000  rbx 00007141175f689c  rcx 0000000000000001  rdx 0000000000000002
09-22 22:30:16.237  6028  6028 F DEBUG   :     r8  0000000000000020  r9  0000000000020002  r10 0000000000000001  r11 0000000000000206
09-22 22:30:16.237  6028  6028 F DEBUG   :     r12 0000000000001000  r13 00000000000005b7  r14 0000713e4e6bdbe0  r15 0000000000008928
09-22 22:30:16.237  6028  6028 F DEBUG   :     rdi 0000713e4ea83ee8  rsi 0000000000001000
09-22 22:30:16.237  6028  6028 F DEBUG   :     rbp 00007fff78fdbcf0  rsp 00007fff78fdbc88  rip 0000713e4e6bdbe0
09-22 22:30:16.237  6028  6028 F DEBUG   : 4 total frames
09-22 22:30:16.237  6028  6028 F DEBUG   : backtrace:
09-22 22:30:16.237  6028  6028 F DEBUG   :       #00 pc 0000713e4e6bdbe0  <unknown>
09-22 22:30:16.237  6028  6028 F DEBUG   :       #01 pc 000000000005846f  /apex/com.android.runtime/lib64/bionic/libc.so (__cxa_finalize+287) (BuildId: 52bc34193ef6f6311bbb44f2305d1b1d)
09-22 22:30:16.237  6028  6028 F DEBUG   :       #02 pc 000000000005c83f  /apex/com.android.runtime/lib64/bionic/libc.so (exit+31) (BuildId: 52bc34193ef6f6311bbb44f2305d1b1d)
09-22 22:30:16.237  6028  6028 F DEBUG   :       #03 pc 00000000000520dc  /apex/com.android.runtime/lib64/bionic/libc.so (__libc_init+124) (BuildId: 52bc34193ef6f6311bbb44f2305d1b1d)
09-22 22:35:18.165  6122  6122 F libc    : Fatal signal 11 (SIGSEGV), code 1 (SEGV_MAPERR), fault addr 0x7d97b0ee8be0 in tid 6122 (Shutdown thread), pid 6122 (Shutdown thread)
09-22 22:35:18.198  6140  6140 F DEBUG   : *** *** *** *** *** *** *** *** *** *** *** *** *** *** *** ***
09-22 22:35:18.198  6140  6140 F DEBUG   : Build fingerprint: 'Samsung/r9q/r9q:15/V417IR/972:user/release-keys'
09-22 22:35:18.198  6140  6140 F DEBUG   : Revision: '0'
09-22 22:35:18.198  6140  6140 F DEBUG   : ABI: 'x86_64'
09-22 22:35:18.198  6140  6140 F DEBUG   : Timestamp: 2026-09-22 22:35:18.175041226+0800
09-22 22:35:18.198  6140  6140 F DEBUG   : Process uptime: 4s
09-22 22:35:18.198  6140  6140 F DEBUG   : Cmdline: uiautomator
09-22 22:35:18.198  6140  6140 F DEBUG   : pid: 6122, tid: 6122, name: Shutdown thread  >>> uiautomator <<<
09-22 22:35:18.198  6140  6140 F DEBUG   : uid: 2000
09-22 22:35:18.198  6140  6140 F DEBUG   : signal 11 (SIGSEGV), code 1 (SEGV_MAPERR), fault addr 0x00007d97b0ee8be0
09-22 22:35:18.198  6140  6140 F DEBUG   :     rax 0000000000000000  rbx 00007d9aac34589c  rcx 0000000000000001  rdx 0000000000000002
09-22 22:35:18.198  6140  6140 F DEBUG   :     r8  0000000000000020  r9  0000000000020002  r10 0000000000000001  r11 0000000000000206
09-22 22:35:18.198  6140  6140 F DEBUG   :     r12 0000000000001000  r13 00000000000005b7  r14 00007d97b0ee8be0  r15 0000000000008928
09-22 22:35:18.198  6140  6140 F DEBUG   :     rdi 00007d97b12aeee8  rsi 0000000000001000
09-22 22:35:18.198  6140  6140 F DEBUG   :     rbp 00007ffeaac07780  rsp 00007ffeaac07718  rip 00007d97b0ee8be0
09-22 22:35:18.198  6140  6140 F DEBUG   : 4 total frames
09-22 22:35:18.198  6140  6140 F DEBUG   : backtrace:
09-22 22:35:18.198  6140  6140 F DEBUG   :       #00 pc 00007d97b0ee8be0  <unknown>
09-22 22:35:18.198  6140  6140 F DEBUG   :       #01 pc 000000000005846f  /apex/com.android.runtime/lib64/bionic/libc.so (__cxa_finalize+287) (BuildId: 52bc34193ef6f6311bbb44f2305d1b1d)
09-22 22:35:18.198  6140  6140 F DEBUG   :       #02 pc 000000000005c83f  /apex/com.android.runtime/lib64/bionic/libc.so (exit+31) (BuildId: 52bc34193ef6f6311bbb44f2305d1b1d)
09-22 22:35:18.198  6140  6140 F DEBUG   :       #03 pc 00000000000520dc  /apex/com.android.runtime/lib64/bionic/libc.so (__libc_init+124) (BuildId: 52bc34193ef6f6311bbb44f2305d1b1d)
09-22 22:35:32.870  6176  6176 F libc    : Fatal signal 11 (SIGSEGV), code 1 (SEGV_MAPERR), fault addr 0x75f3cc28bbe0 in tid 6176 (Shutdown thread), pid 6176 (Shutdown thread)
09-22 22:35:32.908  6193  6193 F DEBUG   : *** *** *** *** *** *** *** *** *** *** *** *** *** *** *** ***
09-22 22:35:32.908  6193  6193 F DEBUG   : Build fingerprint: 'Samsung/r9q/r9q:15/V417IR/972:user/release-keys'
09-22 22:35:32.908  6193  6193 F DEBUG   : Revision: '0'
09-22 22:35:32.908  6193  6193 F DEBUG   : ABI: 'x86_64'
09-22 22:35:32.908  6193  6193 F DEBUG   : Timestamp: 2026-09-22 22:35:32.881188144+0800
09-22 22:35:32.908  6193  6193 F DEBUG   : Process uptime: 3s
09-22 22:35:32.908  6193  6193 F DEBUG   : Cmdline: uiautomator
09-22 22:35:32.908  6193  6193 F DEBUG   : pid: 6176, tid: 6176, name: Shutdown thread  >>> uiautomator <<<
09-22 22:35:32.908  6193  6193 F DEBUG   : uid: 2000
09-22 22:35:32.908  6193  6193 F DEBUG   : signal 11 (SIGSEGV), code 1 (SEGV_MAPERR), fault addr 0x000075f3cc28bbe0
09-22 22:35:32.908  6193  6193 F DEBUG   :     rax 0000000000000000  rbx 000075f6c774f89c  rcx 0000000000000001  rdx 0000000000000002
09-22 22:35:32.908  6193  6193 F DEBUG   :     r8  0000000000000020  r9  0000000000020002  r10 0000000000000001  r11 0000000000000206
09-22 22:35:32.908  6193  6193 F DEBUG   :     r12 0000000000001000  r13 00000000000005b7  r14 000075f3cc28bbe0  r15 0000000000008928
09-22 22:35:32.908  6193  6193 F DEBUG   :     rdi 000075f3cc651ee8  rsi 0000000000001000
09-22 22:35:32.908  6193  6193 F DEBUG   :     rbp 00007ffd82b5d3c0  rsp 00007ffd82b5d358  rip 000075f3cc28bbe0
09-22 22:35:32.908  6193  6193 F DEBUG   : 4 total frames
09-22 22:35:32.908  6193  6193 F DEBUG   : backtrace:
09-22 22:35:32.908  6193  6193 F DEBUG   :       #00 pc 000075f3cc28bbe0  <unknown>
09-22 22:35:32.908  6193  6193 F DEBUG   :       #01 pc 000000000005846f  /apex/com.android.runtime/lib64/bionic/libc.so (__cxa_finalize+287) (BuildId: 52bc34193ef6f6311bbb44f2305d1b1d)
09-22 22:35:32.908  6193  6193 F DEBUG   :       #02 pc 000000000005c83f  /apex/com.android.runtime/lib64/bionic/libc.so (exit+31) (BuildId: 52bc34193ef6f6311bbb44f2305d1b1d)
09-22 22:35:32.908  6193  6193 F DEBUG   :       #03 pc 00000000000520dc  /apex/com.android.runtime/lib64/bionic/libc.so (__libc_init+124) (BuildId: 52bc34193ef6f6311bbb44f2305d1b1d)
09-22 22:38:28.920  6271  6271 F libc    : Fatal signal 11 (SIGSEGV), code 1 (SEGV_MAPERR), fault addr 0x7f4e9d47bbe0 in tid 6271 (Shutdown thread), pid 6271 (Shutdown thread)
09-22 22:38:28.950  6290  6290 F DEBUG   : *** *** *** *** *** *** *** *** *** *** *** *** *** *** *** ***
09-22 22:38:28.950  6290  6290 F DEBUG   : Build fingerprint: 'Samsung/r9q/r9q:15/V417IR/972:user/release-keys'
09-22 22:38:28.950  6290  6290 F DEBUG   : Revision: '0'
09-22 22:38:28.950  6290  6290 F DEBUG   : ABI: 'x86_64'
09-22 22:38:28.950  6290  6290 F DEBUG   : Timestamp: 2026-09-22 22:38:28.927933325+0800
09-22 22:38:28.950  6290  6290 F DEBUG   : Process uptime: 3s
09-22 22:38:28.950  6290  6290 F DEBUG   : Cmdline: uiautomator
09-22 22:38:28.950  6290  6290 F DEBUG   : pid: 6271, tid: 6271, name: Shutdown thread  >>> uiautomator <<<
09-22 22:38:28.950  6290  6290 F DEBUG   : uid: 2000
09-22 22:38:28.950  6290  6290 F DEBUG   : signal 11 (SIGSEGV), code 1 (SEGV_MAPERR), fault addr 0x00007f4e9d47bbe0
09-22 22:38:28.950  6290  6290 F DEBUG   :     rax 0000000000000000  rbx 00007f51661b889c  rcx 0000000000000001  rdx 0000000000000002
09-22 22:38:28.950  6290  6290 F DEBUG   :     r8  0000000000000020  r9  0000000000020002  r10 0000000000000001  r11 0000000000000206
09-22 22:38:28.950  6290  6290 F DEBUG   :     r12 0000000000001000  r13 00000000000005b7  r14 00007f4e9d47bbe0  r15 0000000000008928
09-22 22:38:28.950  6290  6290 F DEBUG   :     rdi 00007f4e9d841ee8  rsi 0000000000001000
09-22 22:38:28.950  6290  6290 F DEBUG   :     rbp 00007fffd4efd5a0  rsp 00007fffd4efd538  rip 00007f4e9d47bbe0
09-22 22:38:28.950  6290  6290 F DEBUG   : 4 total frames
09-22 22:38:28.950  6290  6290 F DEBUG   : backtrace:
09-22 22:38:28.950  6290  6290 F DEBUG   :       #00 pc 00007f4e9d47bbe0  <unknown>
09-22 22:38:28.950  6290  6290 F DEBUG   :       #01 pc 000000000005846f  /apex/com.android.runtime/lib64/bionic/libc.so (__cxa_finalize+287) (BuildId: 52bc34193ef6f6311bbb44f2305d1b1d)
09-22 22:38:28.950  6290  6290 F DEBUG   :       #02 pc 000000000005c83f  /apex/com.android.runtime/lib64/bionic/libc.so (exit+31) (BuildId: 52bc34193ef6f6311bbb44f2305d1b1d)
09-22 22:38:28.950  6290  6290 F DEBUG   :       #03 pc 00000000000520dc  /apex/com.android.runtime/lib64/bionic/libc.so (__libc_init+124) (BuildId: 52bc34193ef6f6311bbb44f2305d1b1d)
09-22 22:38:48.549  6308  6308 F libc    : Fatal signal 11 (SIGSEGV), code 1 (SEGV_MAPERR), fault addr 0x752113eb4be0 in tid 6308 (Shutdown thread), pid 6308 (Shutdown thread)
09-22 22:38:48.576  6324  6324 F DEBUG   : *** *** *** *** *** *** *** *** *** *** *** *** *** *** *** ***
09-22 22:38:48.576  6324  6324 F DEBUG   : Build fingerprint: 'Samsung/r9q/r9q:15/V417IR/972:user/release-keys'
09-22 22:38:48.576  6324  6324 F DEBUG   : Revision: '0'
09-22 22:38:48.576  6324  6324 F DEBUG   : ABI: 'x86_64'
09-22 22:38:48.576  6324  6324 F DEBUG   : Timestamp: 2026-09-22 22:38:48.556598609+0800
09-22 22:38:48.576  6324  6324 F DEBUG   : Process uptime: 3s
09-22 22:38:48.576  6324  6324 F DEBUG   : Cmdline: uiautomator
09-22 22:38:48.576  6324  6324 F DEBUG   : pid: 6308, tid: 6308, name: Shutdown thread  >>> uiautomator <<<
09-22 22:38:48.576  6324  6324 F DEBUG   : uid: 2000
09-22 22:38:48.576  6324  6324 F DEBUG   : signal 11 (SIGSEGV), code 1 (SEGV_MAPERR), fault addr 0x0000752113eb4be0
09-22 22:38:48.576  6324  6324 F DEBUG   :     rax 0000000000000000  rbx 00007524089d289c  rcx 0000000000000001  rdx 0000000000000002
09-22 22:38:48.576  6324  6324 F DEBUG   :     r8  0000000000000020  r9  0000000000020002  r10 0000000000000001  r11 0000000000000206
09-22 22:38:48.576  6324  6324 F DEBUG   :     r12 0000000000001000  r13 00000000000005b7  r14 0000752113eb4be0  r15 0000000000008928
09-22 22:38:48.576  6324  6324 F DEBUG   :     rdi 000075211427aee8  rsi 0000000000001000
09-22 22:38:48.576  6324  6324 F DEBUG   :     rbp 00007ffc9c3c3b90  rsp 00007ffc9c3c3b28  rip 0000752113eb4be0
09-22 22:38:48.576  6324  6324 F DEBUG   : 4 total frames
09-22 22:38:48.576  6324  6324 F DEBUG   : backtrace:
09-22 22:38:48.576  6324  6324 F DEBUG   :       #00 pc 0000752113eb4be0  <unknown>
09-22 22:38:48.576  6324  6324 F DEBUG   :       #01 pc 000000000005846f  /apex/com.android.runtime/lib64/bionic/libc.so (__cxa_finalize+287) (BuildId: 52bc34193ef6f6311bbb44f2305d1b1d)
09-22 22:38:48.576  6324  6324 F DEBUG   :       #02 pc 000000000005c83f  /apex/com.android.runtime/lib64/bionic/libc.so (exit+31) (BuildId: 52bc34193ef6f6311bbb44f2305d1b1d)
09-22 22:38:48.576  6324  6324 F DEBUG   :       #03 pc 00000000000520dc  /apex/com.android.runtime/lib64/bionic/libc.so (__libc_init+124) (BuildId: 52bc34193ef6f6311bbb44f2305d1b1d)
09-22 22:40:17.623  6383  6383 F libc    : Fatal signal 11 (SIGSEGV), code 1 (SEGV_MAPERR), fault addr 0x72ebe246ebe0 in tid 6383 (Shutdown thread), pid 6383 (Shutdown thread)
09-22 22:40:17.652  6401  6401 F DEBUG   : *** *** *** *** *** *** *** *** *** *** *** *** *** *** *** ***
09-22 22:40:17.652  6401  6401 F DEBUG   : Build fingerprint: 'Samsung/r9q/r9q:15/V417IR/972:user/release-keys'
09-22 22:40:17.652  6401  6401 F DEBUG   : Revision: '0'
09-22 22:40:17.652  6401  6401 F DEBUG   : ABI: 'x86_64'
09-22 22:40:17.652  6401  6401 F DEBUG   : Timestamp: 2026-09-22 22:40:17.631146918+0800
09-22 22:40:17.652  6401  6401 F DEBUG   : Process uptime: 3s
09-22 22:40:17.652  6401  6401 F DEBUG   : Cmdline: uiautomator
09-22 22:40:17.652  6401  6401 F DEBUG   : pid: 6383, tid: 6383, name: Shutdown thread  >>> uiautomator <<<
09-22 22:40:17.652  6401  6401 F DEBUG   : uid: 2000
09-22 22:40:17.652  6401  6401 F DEBUG   : signal 11 (SIGSEGV), code 1 (SEGV_MAPERR), fault addr 0x000072ebe246ebe0
09-22 22:40:17.652  6401  6401 F DEBUG   :     rax 0000000000000000  rbx 000072eed757389c  rcx 0000000000000001  rdx 0000000000000002
09-22 22:40:17.652  6401  6401 F DEBUG   :     r8  0000000000000020  r9  0000000000020002  r10 0000000000000001  r11 0000000000000206
09-22 22:40:17.652  6401  6401 F DEBUG   :     r12 0000000000001000  r13 00000000000005b7  r14 000072ebe246ebe0  r15 0000000000008928
09-22 22:40:17.652  6401  6401 F DEBUG   :     rdi 000072ebe2834ee8  rsi 0000000000001000
09-22 22:40:17.652  6401  6401 F DEBUG   :     rbp 00007ffc8b0dbbe0  rsp 00007ffc8b0dbb78  rip 000072ebe246ebe0
09-22 22:40:17.652  6401  6401 F DEBUG   : 4 total frames
09-22 22:40:17.652  6401  6401 F DEBUG   : backtrace:
09-22 22:40:17.652  6401  6401 F DEBUG   :       #00 pc 000072ebe246ebe0  <unknown>
09-22 22:40:17.652  6401  6401 F DEBUG   :       #01 pc 000000000005846f  /apex/com.android.runtime/lib64/bionic/libc.so (__cxa_finalize+287) (BuildId: 52bc34193ef6f6311bbb44f2305d1b1d)
09-22 22:40:17.652  6401  6401 F DEBUG   :       #02 pc 000000000005c83f  /apex/com.android.runtime/lib64/bionic/libc.so (exit+31) (BuildId: 52bc34193ef6f6311bbb44f2305d1b1d)
09-22 22:40:17.652  6401  6401 F DEBUG   :       #03 pc 00000000000520dc  /apex/com.android.runtime/lib64/bionic/libc.so (__libc_init+124) (BuildId: 52bc34193ef6f6311bbb44f2305d1b1d)
09-22 22:41:40.363  6468  6468 F libc    : Fatal signal 11 (SIGSEGV), code 1 (SEGV_MAPERR), fault addr 0x79957c873be0 in tid 6468 (Shutdown thread), pid 6468 (Shutdown thread)
09-22 22:41:40.394  6486  6486 F DEBUG   : *** *** *** *** *** *** *** *** *** *** *** *** *** *** *** ***
09-22 22:41:40.394  6486  6486 F DEBUG   : Build fingerprint: 'Samsung/r9q/r9q:15/V417IR/972:user/release-keys'
09-22 22:41:40.394  6486  6486 F DEBUG   : Revision: '0'
09-22 22:41:40.394  6486  6486 F DEBUG   : ABI: 'x86_64'
09-22 22:41:40.394  6486  6486 F DEBUG   : Timestamp: 2026-09-22 22:41:40.372286516+0800
09-22 22:41:40.394  6486  6486 F DEBUG   : Process uptime: 3s
09-22 22:41:40.394  6486  6486 F DEBUG   : Cmdline: uiautomator
09-22 22:41:40.394  6486  6486 F DEBUG   : pid: 6468, tid: 6468, name: Shutdown thread  >>> uiautomator <<<
09-22 22:41:40.394  6486  6486 F DEBUG   : uid: 2000
09-22 22:41:40.394  6486  6486 F DEBUG   : signal 11 (SIGSEGV), code 1 (SEGV_MAPERR), fault addr 0x000079957c873be0
09-22 22:41:40.394  6486  6486 F DEBUG   :     rax 0000000000000000  rbx 00007998e0d7489c  rcx 0000000000000001  rdx 0000000000000002
09-22 22:41:40.394  6486  6486 F DEBUG   :     r8  0000000000000020  r9  0000000000020002  r10 0000000000000001  r11 0000000000000206
09-22 22:41:40.394  6486  6486 F DEBUG   :     r12 0000000000001000  r13 00000000000005b7  r14 000079957c873be0  r15 0000000000008928
09-22 22:41:40.394  6486  6486 F DEBUG   :     rdi 000079957cc39ee8  rsi 0000000000001000
09-22 22:41:40.394  6486  6486 F DEBUG   :     rbp 00007ffed5c76cb0  rsp 00007ffed5c76c48  rip 000079957c873be0
09-22 22:41:40.394  6486  6486 F DEBUG   : 4 total frames
09-22 22:41:40.394  6486  6486 F DEBUG   : backtrace:
09-22 22:41:40.394  6486  6486 F DEBUG   :       #00 pc 000079957c873be0  <unknown>
09-22 22:41:40.394  6486  6486 F DEBUG   :       #01 pc 000000000005846f  /apex/com.android.runtime/lib64/bionic/libc.so (__cxa_finalize+287) (BuildId: 52bc34193ef6f6311bbb44f2305d1b1d)
09-22 22:41:40.394  6486  6486 F DEBUG   :       #02 pc 000000000005c83f  /apex/com.android.runtime/lib64/bionic/libc.so (exit+31) (BuildId: 52bc34193ef6f6311bbb44f2305d1b1d)
09-22 22:41:40.394  6486  6486 F DEBUG   :       #03 pc 00000000000520dc  /apex/com.android.runtime/lib64/bionic/libc.so (__libc_init+124) (BuildId: 52bc34193ef6f6311bbb44f2305d1b1d)
09-22 22:44:35.405  6557  6557 F libc    : Fatal signal 11 (SIGSEGV), code 1 (SEGV_MAPERR), fault addr 0x7ad925efdbe0 in tid 6557 (Shutdown thread), pid 6557 (Shutdown thread)
09-22 22:44:35.442  6573  6573 F DEBUG   : *** *** *** *** *** *** *** *** *** *** *** *** *** *** *** ***
09-22 22:44:35.442  6573  6573 F DEBUG   : Build fingerprint: 'Samsung/r9q/r9q:15/V417IR/972:user/release-keys'
09-22 22:44:35.442  6573  6573 F DEBUG   : Revision: '0'
09-22 22:44:35.442  6573  6573 F DEBUG   : ABI: 'x86_64'
09-22 22:44:35.442  6573  6573 F DEBUG   : Timestamp: 2026-09-22 22:44:35.413640915+0800
09-22 22:44:35.442  6573  6573 F DEBUG   : Process uptime: 3s
09-22 22:44:35.442  6573  6573 F DEBUG   : Cmdline: uiautomator
09-22 22:44:35.442  6573  6573 F DEBUG   : pid: 6557, tid: 6557, name: Shutdown thread  >>> uiautomator <<<
09-22 22:44:35.442  6573  6573 F DEBUG   : uid: 2000
09-22 22:44:35.442  6573  6573 F DEBUG   : signal 11 (SIGSEGV), code 1 (SEGV_MAPERR), fault addr 0x00007ad925efdbe0
09-22 22:44:35.442  6573  6573 F DEBUG   :     rax 0000000000000000  rbx 00007adbfb57289c  rcx 0000000000000001  rdx 0000000000000002
09-22 22:44:35.442  6573  6573 F DEBUG   :     r8  0000000000000020  r9  0000000000020002  r10 0000000000000001  r11 0000000000000206
09-22 22:44:35.442  6573  6573 F DEBUG   :     r12 0000000000001000  r13 00000000000005b7  r14 00007ad925efdbe0  r15 0000000000008928
09-22 22:44:35.442  6573  6573 F DEBUG   :     rdi 00007ad9262c3ee8  rsi 0000000000001000
09-22 22:44:35.442  6573  6573 F DEBUG   :     rbp 00007ffcdf419f20  rsp 00007ffcdf419eb8  rip 00007ad925efdbe0
09-22 22:44:35.442  6573  6573 F DEBUG   : 4 total frames
09-22 22:44:35.442  6573  6573 F DEBUG   : backtrace:
09-22 22:44:35.442  6573  6573 F DEBUG   :       #00 pc 00007ad925efdbe0  <unknown>
09-22 22:44:35.442  6573  6573 F DEBUG   :       #01 pc 000000000005846f  /apex/com.android.runtime/lib64/bionic/libc.so (__cxa_finalize+287) (BuildId: 52bc34193ef6f6311bbb44f2305d1b1d)
09-22 22:44:35.442  6573  6573 F DEBUG   :       #02 pc 000000000005c83f  /apex/com.android.runtime/lib64/bionic/libc.so (exit+31) (BuildId: 52bc34193ef6f6311bbb44f2305d1b1d)
09-22 22:44:35.442  6573  6573 F DEBUG   :       #03 pc 00000000000520dc  /apex/com.android.runtime/lib64/bionic/libc.so (__libc_init+124) (BuildId: 52bc34193ef6f6311bbb44f2305d1b1d)
09-22 22:44:43.600  6606  6606 F libc    : Fatal signal 11 (SIGSEGV), code 1 (SEGV_MAPERR), fault addr 0x74fdb82b7be0 in tid 6606 (Shutdown thread), pid 6606 (Shutdown thread)
09-22 22:44:43.631  6624  6624 F DEBUG   : *** *** *** *** *** *** *** *** *** *** *** *** *** *** *** ***
09-22 22:44:43.631  6624  6624 F DEBUG   : Build fingerprint: 'Samsung/r9q/r9q:15/V417IR/972:user/release-keys'
09-22 22:44:43.631  6624  6624 F DEBUG   : Revision: '0'
09-22 22:44:43.631  6624  6624 F DEBUG   : ABI: 'x86_64'
09-22 22:44:43.631  6624  6624 F DEBUG   : Timestamp: 2026-09-22 22:44:43.608587602+0800
09-22 22:44:43.631  6624  6624 F DEBUG   : Process uptime: 3s
09-22 22:44:43.631  6624  6624 F DEBUG   : Cmdline: uiautomator
09-22 22:44:43.631  6624  6624 F DEBUG   : pid: 6606, tid: 6606, name: Shutdown thread  >>> uiautomator <<<
09-22 22:44:43.631  6624  6624 F DEBUG   : uid: 2000
09-22 22:44:43.631  6624  6624 F DEBUG   : signal 11 (SIGSEGV), code 1 (SEGV_MAPERR), fault addr 0x000074fdb82b7be0
09-22 22:44:43.631  6624  6624 F DEBUG   :     rax 0000000000000000  rbx 00007501115f189c  rcx 0000000000000001  rdx 0000000000000002
09-22 22:44:43.631  6624  6624 F DEBUG   :     r8  0000000000000020  r9  0000000000020002  r10 0000000000000001  r11 0000000000000206
09-22 22:44:43.631  6624  6624 F DEBUG   :     r12 0000000000001000  r13 00000000000005b7  r14 000074fdb82b7be0  r15 0000000000008928
09-22 22:44:43.631  6624  6624 F DEBUG   :     rdi 000074fdb867dee8  rsi 0000000000001000
09-22 22:44:43.631  6624  6624 F DEBUG   :     rbp 00007ffc8eb99770  rsp 00007ffc8eb99708  rip 000074fdb82b7be0
09-22 22:44:43.631  6624  6624 F DEBUG   : 4 total frames
09-22 22:44:43.631  6624  6624 F DEBUG   : backtrace:
09-22 22:44:43.631  6624  6624 F DEBUG   :       #00 pc 000074fdb82b7be0  <unknown>
09-22 22:44:43.631  6624  6624 F DEBUG   :       #01 pc 000000000005846f  /apex/com.android.runtime/lib64/bionic/libc.so (__cxa_finalize+287) (BuildId: 52bc34193ef6f6311bbb44f2305d1b1d)
09-22 22:44:43.631  6624  6624 F DEBUG   :       #02 pc 000000000005c83f  /apex/com.android.runtime/lib64/bionic/libc.so (exit+31) (BuildId: 52bc34193ef6f6311bbb44f2305d1b1d)
09-22 22:44:43.631  6624  6624 F DEBUG   :       #03 pc 00000000000520dc  /apex/com.android.runtime/lib64/bionic/libc.so (__libc_init+124) (BuildId: 52bc34193ef6f6311bbb44f2305d1b1d)
09-22 22:47:02.370  6684  6684 F libc    : Fatal signal 11 (SIGSEGV), code 1 (SEGV_MAPERR), fault addr 0x7e3b1d886be0 in tid 6684 (Shutdown thread), pid 6684 (Shutdown thread)
09-22 22:47:02.408  6701  6701 F DEBUG   : *** *** *** *** *** *** *** *** *** *** *** *** *** *** *** ***
09-22 22:47:02.408  6701  6701 F DEBUG   : Build fingerprint: 'Samsung/r9q/r9q:15/V417IR/972:user/release-keys'
09-22 22:47:02.408  6701  6701 F DEBUG   : Revision: '0'
09-22 22:47:02.408  6701  6701 F DEBUG   : ABI: 'x86_64'
09-22 22:47:02.408  6701  6701 F DEBUG   : Timestamp: 2026-09-22 22:47:02.378914245+0800
09-22 22:47:02.408  6701  6701 F DEBUG   : Process uptime: 3s
09-22 22:47:02.408  6701  6701 F DEBUG   : Cmdline: uiautomator
09-22 22:47:02.408  6701  6701 F DEBUG   : pid: 6684, tid: 6684, name: Shutdown thread  >>> uiautomator <<<
09-22 22:47:02.408  6701  6701 F DEBUG   : uid: 2000
09-22 22:47:02.408  6701  6701 F DEBUG   : signal 11 (SIGSEGV), code 1 (SEGV_MAPERR), fault addr 0x00007e3b1d886be0
09-22 22:47:02.408  6701  6701 F DEBUG   :     rax 0000000000000000  rbx 00007e3e0daf589c  rcx 0000000000000001  rdx 0000000000000002
09-22 22:47:02.408  6701  6701 F DEBUG   :     r8  0000000000000020  r9  0000000000020002  r10 0000000000000001  r11 0000000000000206
09-22 22:47:02.408  6701  6701 F DEBUG   :     r12 0000000000001000  r13 00000000000005b7  r14 00007e3b1d886be0  r15 0000000000008928
09-22 22:47:02.408  6701  6701 F DEBUG   :     rdi 00007e3b1dc4cee8  rsi 0000000000001000
09-22 22:47:02.408  6701  6701 F DEBUG   :     rbp 00007ffe44736750  rsp 00007ffe447366e8  rip 00007e3b1d886be0
09-22 22:47:02.408  6701  6701 F DEBUG   : 4 total frames
09-22 22:47:02.408  6701  6701 F DEBUG   : backtrace:
09-22 22:47:02.408  6701  6701 F DEBUG   :       #00 pc 00007e3b1d886be0  <unknown>
09-22 22:47:02.408  6701  6701 F DEBUG   :       #01 pc 000000000005846f  /apex/com.android.runtime/lib64/bionic/libc.so (__cxa_finalize+287) (BuildId: 52bc34193ef6f6311bbb44f2305d1b1d)
09-22 22:47:02.408  6701  6701 F DEBUG   :       #02 pc 000000000005c83f  /apex/com.android.runtime/lib64/bionic/libc.so (exit+31) (BuildId: 52bc34193ef6f6311bbb44f2305d1b1d)
09-22 22:47:02.408  6701  6701 F DEBUG   :       #03 pc 00000000000520dc  /apex/com.android.runtime/lib64/bionic/libc.so (__libc_init+124) (BuildId: 52bc34193ef6f6311bbb44f2305d1b1d)
09-22 22:50:04.008  6769  6769 F libc    : Fatal signal 11 (SIGSEGV), code 1 (SEGV_MAPERR), fault addr 0x7a3ab14b5be0 in tid 6769 (Shutdown thread), pid 6769 (Shutdown thread)
09-22 22:50:04.048  6786  6786 F DEBUG   : *** *** *** *** *** *** *** *** *** *** *** *** *** *** *** ***
09-22 22:50:04.048  6786  6786 F DEBUG   : Build fingerprint: 'Samsung/r9q/r9q:15/V417IR/972:user/release-keys'
09-22 22:50:04.048  6786  6786 F DEBUG   : Revision: '0'
09-22 22:50:04.048  6786  6786 F DEBUG   : ABI: 'x86_64'
09-22 22:50:04.048  6786  6786 F DEBUG   : Timestamp: 2026-09-22 22:50:04.016551048+0800
09-22 22:50:04.048  6786  6786 F DEBUG   : Process uptime: 3s
09-22 22:50:04.048  6786  6786 F DEBUG   : Cmdline: uiautomator
09-22 22:50:04.048  6786  6786 F DEBUG   : pid: 6769, tid: 6769, name: Shutdown thread  >>> uiautomator <<<
09-22 22:50:04.048  6786  6786 F DEBUG   : uid: 2000
09-22 22:50:04.048  6786  6786 F DEBUG   : signal 11 (SIGSEGV), code 1 (SEGV_MAPERR), fault addr 0x00007a3ab14b5be0
09-22 22:50:04.048  6786  6786 F DEBUG   :     rax 0000000000000000  rbx 00007a3d77cf489c  rcx 0000000000000001  rdx 0000000000000002
09-22 22:50:04.048  6786  6786 F DEBUG   :     r8  0000000000000020  r9  0000000000020002  r10 0000000000000001  r11 0000000000000206
09-22 22:50:04.048  6786  6786 F DEBUG   :     r12 0000000000001000  r13 00000000000005b7  r14 00007a3ab14b5be0  r15 0000000000008928
09-22 22:50:04.048  6786  6786 F DEBUG   :     rdi 00007a3ab187bee8  rsi 0000000000001000
09-22 22:50:04.048  6786  6786 F DEBUG   :     rbp 00007ffdd8d98a50  rsp 00007ffdd8d989e8  rip 00007a3ab14b5be0
09-22 22:50:04.048  6786  6786 F DEBUG   : 4 total frames
09-22 22:50:04.048  6786  6786 F DEBUG   : backtrace:
09-22 22:50:04.048  6786  6786 F DEBUG   :       #00 pc 00007a3ab14b5be0  <unknown>
09-22 22:50:04.048  6786  6786 F DEBUG   :       #01 pc 000000000005846f  /apex/com.android.runtime/lib64/bionic/libc.so (__cxa_finalize+287) (BuildId: 52bc34193ef6f6311bbb44f2305d1b1d)
09-22 22:50:04.048  6786  6786 F DEBUG   :       #02 pc 000000000005c83f  /apex/com.android.runtime/lib64/bionic/libc.so (exit+31) (BuildId: 52bc34193ef6f6311bbb44f2305d1b1d)
09-22 22:50:04.048  6786  6786 F DEBUG   :       #03 pc 00000000000520dc  /apex/com.android.runtime/lib64/bionic/libc.so (__libc_init+124) (BuildId: 52bc34193ef6f6311bbb44f2305d1b1d)
09-22 22:50:20.572  6812  6812 F libc    : Fatal signal 11 (SIGSEGV), code 1 (SEGV_MAPERR), fault addr 0x7fea2b0dfbe0 in tid 6812 (Shutdown thread), pid 6812 (Shutdown thread)
09-22 22:50:20.610  6829  6829 F DEBUG   : *** *** *** *** *** *** *** *** *** *** *** *** *** *** *** ***
09-22 22:50:20.610  6829  6829 F DEBUG   : Build fingerprint: 'Samsung/r9q/r9q:15/V417IR/972:user/release-keys'
09-22 22:50:20.610  6829  6829 F DEBUG   : Revision: '0'
09-22 22:50:20.610  6829  6829 F DEBUG   : ABI: 'x86_64'
09-22 22:50:20.610  6829  6829 F DEBUG   : Timestamp: 2026-09-22 22:50:20.582947879+0800
09-22 22:50:20.610  6829  6829 F DEBUG   : Process uptime: 3s
09-22 22:50:20.610  6829  6829 F DEBUG   : Cmdline: uiautomator
09-22 22:50:20.610  6829  6829 F DEBUG   : pid: 6812, tid: 6812, name: Shutdown thread  >>> uiautomator <<<
09-22 22:50:20.610  6829  6829 F DEBUG   : uid: 2000
09-22 22:50:20.610  6829  6829 F DEBUG   : signal 11 (SIGSEGV), code 1 (SEGV_MAPERR), fault addr 0x00007fea2b0dfbe0
09-22 22:50:20.610  6829  6829 F DEBUG   :     rax 0000000000000000  rbx 00007fecf99f689c  rcx 0000000000000001  rdx 0000000000000002
09-22 22:50:20.610  6829  6829 F DEBUG   :     r8  0000000000000020  r9  0000000000020002  r10 0000000000000001  r11 0000000000000206
09-22 22:50:20.610  6829  6829 F DEBUG   :     r12 0000000000001000  r13 00000000000005b7  r14 00007fea2b0dfbe0  r15 0000000000008928
09-22 22:50:20.610  6829  6829 F DEBUG   :     rdi 00007fea2b4a5ee8  rsi 0000000000001000
09-22 22:50:20.610  6829  6829 F DEBUG   :     rbp 00007ffcd3768350  rsp 00007ffcd37682e8  rip 00007fea2b0dfbe0
09-22 22:50:20.610  6829  6829 F DEBUG   : 4 total frames
09-22 22:50:20.610  6829  6829 F DEBUG   : backtrace:
09-22 22:50:20.610  6829  6829 F DEBUG   :       #00 pc 00007fea2b0dfbe0  <unknown>
09-22 22:50:20.610  6829  6829 F DEBUG   :       #01 pc 000000000005846f  /apex/com.android.runtime/lib64/bionic/libc.so (__cxa_finalize+287) (BuildId: 52bc34193ef6f6311bbb44f2305d1b1d)
09-22 22:50:20.610  6829  6829 F DEBUG   :       #02 pc 000000000005c83f  /apex/com.android.runtime/lib64/bionic/libc.so (exit+31) (BuildId: 52bc34193ef6f6311bbb44f2305d1b1d)
09-22 22:50:20.610  6829  6829 F DEBUG   :       #03 pc 00000000000520dc  /apex/com.android.runtime/lib64/bionic/libc.so (__libc_init+124) (BuildId: 52bc34193ef6f6311bbb44f2305d1b1d)
09-22 22:50:28.865  6868  6868 F libc    : Fatal signal 11 (SIGSEGV), code 1 (SEGV_MAPERR), fault addr 0x7b105cafabe0 in tid 6868 (Shutdown thread), pid 6868 (Shutdown thread)
09-22 22:50:28.939  6888  6888 F DEBUG   : *** *** *** *** *** *** *** *** *** *** *** *** *** *** *** ***
09-22 22:50:28.939  6888  6888 F DEBUG   : Build fingerprint: 'Samsung/r9q/r9q:15/V417IR/972:user/release-keys'
09-22 22:50:28.939  6888  6888 F DEBUG   : Revision: '0'
09-22 22:50:28.939  6888  6888 F DEBUG   : ABI: 'x86_64'
09-22 22:50:28.939  6888  6888 F DEBUG   : Timestamp: 2026-09-22 22:50:28.899802606+0800
09-22 22:50:28.939  6888  6888 F DEBUG   : Process uptime: 3s
09-22 22:50:28.939  6888  6888 F DEBUG   : Cmdline: uiautomator
09-22 22:50:28.939  6888  6888 F DEBUG   : pid: 6868, tid: 6868, name: Shutdown thread  >>> uiautomator <<<
09-22 22:50:28.939  6888  6888 F DEBUG   : uid: 2000
09-22 22:50:28.939  6888  6888 F DEBUG   : signal 11 (SIGSEGV), code 1 (SEGV_MAPERR), fault addr 0x00007b105cafabe0
09-22 22:50:28.939  6888  6888 F DEBUG   :     rax 0000000000000000  rbx 00007b1333fcf89c  rcx 0000000000000001  rdx 0000000000000002
09-22 22:50:28.939  6888  6888 F DEBUG   :     r8  00007b1333fc6fa4  r9  0000000000003315  r10 0000000000000000  r11 0000000000000206
09-22 22:50:28.939  6888  6888 F DEBUG   :     r12 0000000000001000  r13 00000000000005b7  r14 00007b105cafabe0  r15 0000000000008928
09-22 22:50:28.939  6888  6888 F DEBUG   :     rdi 00007b105cec0ee8  rsi 0000000000001000
09-22 22:50:28.939  6888  6888 F DEBUG   :     rbp 00007ffcebb7b2f0  rsp 00007ffcebb7b288  rip 00007b105cafabe0
09-22 22:50:28.939  6888  6888 F DEBUG   : 4 total frames
09-22 22:50:28.939  6888  6888 F DEBUG   : backtrace:
09-22 22:50:28.939  6888  6888 F DEBUG   :       #00 pc 00007b105cafabe0  <unknown>
09-22 22:50:28.939  6888  6888 F DEBUG   :       #01 pc 000000000005846f  /apex/com.android.runtime/lib64/bionic/libc.so (__cxa_finalize+287) (BuildId: 52bc34193ef6f6311bbb44f2305d1b1d)
09-22 22:50:28.939  6888  6888 F DEBUG   :       #02 pc 000000000005c83f  /apex/com.android.runtime/lib64/bionic/libc.so (exit+31) (BuildId: 52bc34193ef6f6311bbb44f2305d1b1d)
09-22 22:50:28.939  6888  6888 F DEBUG   :       #03 pc 00000000000520dc  /apex/com.android.runtime/lib64/bionic/libc.so (__libc_init+124) (BuildId: 52bc34193ef6f6311bbb44f2305d1b1d)
09-22 22:50:55.033  6923  6923 F libc    : Fatal signal 11 (SIGSEGV), code 2 (SEGV_ACCERR), fault addr 0x7d4436f04be0 in tid 6923 (Shutdown thread), pid 6923 (Shutdown thread)
09-22 22:50:55.480  6941  6941 F DEBUG   : *** *** *** *** *** *** *** *** *** *** *** *** *** *** *** ***
09-22 22:50:55.480  6941  6941 F DEBUG   : Build fingerprint: 'Samsung/r9q/r9q:15/V417IR/972:user/release-keys'
09-22 22:50:55.480  6941  6941 F DEBUG   : Revision: '0'
09-22 22:50:55.480  6941  6941 F DEBUG   : ABI: 'x86_64'
09-22 22:50:55.480  6941  6941 F DEBUG   : Timestamp: 2026-09-22 22:50:55.197299850+0800
09-22 22:50:55.480  6941  6941 F DEBUG   : Process uptime: 4s
09-22 22:50:55.480  6941  6941 F DEBUG   : Cmdline: uiautomator
09-22 22:50:55.480  6941  6941 F DEBUG   : pid: 6923, tid: 6923, name: Shutdown thread  >>> uiautomator <<<
09-22 22:50:55.480  6941  6941 F DEBUG   : uid: 2000
09-22 22:50:55.480  6941  6941 F DEBUG   : signal 11 (SIGSEGV), code 2 (SEGV_ACCERR), fault addr 0x00007d4436f04be0
09-22 22:50:55.480  6941  6941 F DEBUG   : Cause: trying to execute non-executable memory.
09-22 22:50:55.480  6941  6941 F DEBUG   :     rax 0000000000000000  rbx 00007d47b158c89c  rcx 0000000000000001  rdx 0000000000000002
09-22 22:50:55.480  6941  6941 F DEBUG   :     r8  00007d47b1583fa4  r9  00000000000032f7  r10 0000000000000000  r11 0000000000000206
09-22 22:50:55.480  6941  6941 F DEBUG   :     r12 0000000000001000  r13 00000000000005b7  r14 00007d4436f04be0  r15 0000000000008928
09-22 22:50:55.480  6941  6941 F DEBUG   :     rdi 00007d44372caee8  rsi 0000000000001000
09-22 22:50:55.480  6941  6941 F DEBUG   :     rbp 00007ffe89ab8ba0  rsp 00007ffe89ab8b38  rip 00007d4436f04be0
09-22 22:50:55.480  6941  6941 F DEBUG   : 4 total frames
09-22 22:50:55.480  6941  6941 F DEBUG   : backtrace:
09-22 22:50:55.480  6941  6941 F DEBUG   :       #00 pc 0000000000904be0  <anonymous:7d4436600000>
09-22 22:50:55.480  6941  6941 F DEBUG   :       #01 pc 000000000005846f  /apex/com.android.runtime/lib64/bionic/libc.so (__cxa_finalize+287) (BuildId: 52bc34193ef6f6311bbb44f2305d1b1d)
09-22 22:50:55.480  6941  6941 F DEBUG   :       #02 pc 000000000005c83f  /apex/com.android.runtime/lib64/bionic/libc.so (exit+31) (BuildId: 52bc34193ef6f6311bbb44f2305d1b1d)
09-22 22:50:55.480  6941  6941 F DEBUG   :       #03 pc 00000000000520dc  /apex/com.android.runtime/lib64/bionic/libc.so (__libc_init+124) (BuildId: 52bc34193ef6f6311bbb44f2305d1b1d)
09-22 22:51:09.410  6988  6988 F libc    : Fatal signal 11 (SIGSEGV), code 1 (SEGV_MAPERR), fault addr 0x7d954a2f7be0 in tid 6988 (Shutdown thread), pid 6988 (Shutdown thread)
09-22 22:51:09.452  7007  7007 F DEBUG   : *** *** *** *** *** *** *** *** *** *** *** *** *** *** *** ***
09-22 22:51:09.452  7007  7007 F DEBUG   : Build fingerprint: 'Samsung/r9q/r9q:15/V417IR/972:user/release-keys'
09-22 22:51:09.452  7007  7007 F DEBUG   : Revision: '0'
09-22 22:51:09.452  7007  7007 F DEBUG   : ABI: 'x86_64'
09-22 22:51:09.452  7007  7007 F DEBUG   : Timestamp: 2026-09-22 22:51:09.422105796+0800
09-22 22:51:09.452  7007  7007 F DEBUG   : Process uptime: 3s
09-22 22:51:09.452  7007  7007 F DEBUG   : Cmdline: uiautomator
09-22 22:51:09.452  7007  7007 F DEBUG   : pid: 6988, tid: 6988, name: Shutdown thread  >>> uiautomator <<<
09-22 22:51:09.452  7007  7007 F DEBUG   : uid: 2000
09-22 22:51:09.452  7007  7007 F DEBUG   : signal 11 (SIGSEGV), code 1 (SEGV_MAPERR), fault addr 0x00007d954a2f7be0
09-22 22:51:09.452  7007  7007 F DEBUG   :     rax 0000000000000000  rbx 00007d98429f589c  rcx 0000000000000001  rdx 0000000000000002
09-22 22:51:09.452  7007  7007 F DEBUG   :     r8  0000000000000020  r9  0000000000020002  r10 0000000000000001  r11 0000000000000206
09-22 22:51:09.452  7007  7007 F DEBUG   :     r12 0000000000001000  r13 00000000000005b7  r14 00007d954a2f7be0  r15 0000000000008928
09-22 22:51:09.452  7007  7007 F DEBUG   :     rdi 00007d954a6bdee8  rsi 0000000000001000
09-22 22:51:09.452  7007  7007 F DEBUG   :     rbp 00007fff9d8f7ec0  rsp 00007fff9d8f7e58  rip 00007d954a2f7be0
09-22 22:51:09.452  7007  7007 F DEBUG   : 4 total frames
09-22 22:51:09.452  7007  7007 F DEBUG   : backtrace:
09-22 22:51:09.452  7007  7007 F DEBUG   :       #00 pc 00007d954a2f7be0  <unknown>
09-22 22:51:09.452  7007  7007 F DEBUG   :       #01 pc 000000000005846f  /apex/com.android.runtime/lib64/bionic/libc.so (__cxa_finalize+287) (BuildId: 52bc34193ef6f6311bbb44f2305d1b1d)
09-22 22:51:09.452  7007  7007 F DEBUG   :       #02 pc 000000000005c83f  /apex/com.android.runtime/lib64/bionic/libc.so (exit+31) (BuildId: 52bc34193ef6f6311bbb44f2305d1b1d)
09-22 22:51:09.452  7007  7007 F DEBUG   :       #03 pc 00000000000520dc  /apex/com.android.runtime/lib64/bionic/libc.so (__libc_init+124) (BuildId: 52bc34193ef6f6311bbb44f2305d1b1d)
09-22 22:51:28.168  7040  7040 F libc    : Fatal signal 11 (SIGSEGV), code 1 (SEGV_MAPERR), fault addr 0x7bfcf007fbe0 in tid 7040 (Shutdown thread), pid 7040 (Shutdown thread)
09-22 22:51:28.210  7058  7058 F DEBUG   : *** *** *** *** *** *** *** *** *** *** *** *** *** *** *** ***
09-22 22:51:28.210  7058  7058 F DEBUG   : Build fingerprint: 'Samsung/r9q/r9q:15/V417IR/972:user/release-keys'
09-22 22:51:28.210  7058  7058 F DEBUG   : Revision: '0'
09-22 22:51:28.210  7058  7058 F DEBUG   : ABI: 'x86_64'
09-22 22:51:28.210  7058  7058 F DEBUG   : Timestamp: 2026-09-22 22:51:28.176461962+0800
09-22 22:51:28.210  7058  7058 F DEBUG   : Process uptime: 3s
09-22 22:51:28.210  7058  7058 F DEBUG   : Cmdline: uiautomator
09-22 22:51:28.210  7058  7058 F DEBUG   : pid: 7040, tid: 7040, name: Shutdown thread  >>> uiautomator <<<
09-22 22:51:28.210  7058  7058 F DEBUG   : uid: 2000
09-22 22:51:28.210  7058  7058 F DEBUG   : signal 11 (SIGSEGV), code 1 (SEGV_MAPERR), fault addr 0x00007bfcf007fbe0
09-22 22:51:28.210  7058  7058 F DEBUG   :     rax 0000000000000000  rbx 00007bffb8ff189c  rcx 0000000000000001  rdx 0000000000000002
09-22 22:51:28.210  7058  7058 F DEBUG   :     r8  0000000000000020  r9  0000000000020002  r10 0000000000000001  r11 0000000000000206
09-22 22:51:28.210  7058  7058 F DEBUG   :     r12 0000000000001000  r13 00000000000005b7  r14 00007bfcf007fbe0  r15 0000000000008928
09-22 22:51:28.210  7058  7058 F DEBUG   :     rdi 00007bfcf0445ee8  rsi 0000000000001000
09-22 22:51:28.210  7058  7058 F DEBUG   :     rbp 00007ffeb29ba330  rsp 00007ffeb29ba2c8  rip 00007bfcf007fbe0
09-22 22:51:28.210  7058  7058 F DEBUG   : 4 total frames
09-22 22:51:28.210  7058  7058 F DEBUG   : backtrace:
09-22 22:51:28.210  7058  7058 F DEBUG   :       #00 pc 00007bfcf007fbe0  <unknown>
09-22 22:51:28.210  7058  7058 F DEBUG   :       #01 pc 000000000005846f  /apex/com.android.runtime/lib64/bionic/libc.so (__cxa_finalize+287) (BuildId: 52bc34193ef6f6311bbb44f2305d1b1d)
09-22 22:51:28.210  7058  7058 F DEBUG   :       #02 pc 000000000005c83f  /apex/com.android.runtime/lib64/bionic/libc.so (exit+31) (BuildId: 52bc34193ef6f6311bbb44f2305d1b1d)
09-22 22:51:28.210  7058  7058 F DEBUG   :       #03 pc 00000000000520dc  /apex/com.android.runtime/lib64/bionic/libc.so (__libc_init+124) (BuildId: 52bc34193ef6f6311bbb44f2305d1b1d)
09-22 22:51:56.886  7115  7115 F libc    : Fatal signal 11 (SIGSEGV), code 1 (SEGV_MAPERR), fault addr 0x795b9ae9abe0 in tid 7115 (Shutdown thread), pid 7115 (Shutdown thread)
09-22 22:51:56.955  7132  7132 F DEBUG   : *** *** *** *** *** *** *** *** *** *** *** *** *** *** *** ***
09-22 22:51:56.955  7132  7132 F DEBUG   : Build fingerprint: 'Samsung/r9q/r9q:15/V417IR/972:user/release-keys'
09-22 22:51:56.955  7132  7132 F DEBUG   : Revision: '0'
09-22 22:51:56.955  7132  7132 F DEBUG   : ABI: 'x86_64'
09-22 22:51:56.955  7132  7132 F DEBUG   : Timestamp: 2026-09-22 22:51:56.910415675+0800
09-22 22:51:56.955  7132  7132 F DEBUG   : Process uptime: 4s
09-22 22:51:56.955  7132  7132 F DEBUG   : Cmdline: uiautomator
09-22 22:51:56.955  7132  7132 F DEBUG   : pid: 7115, tid: 7115, name: Shutdown thread  >>> uiautomator <<<
09-22 22:51:56.955  7132  7132 F DEBUG   : uid: 2000
09-22 22:51:56.955  7132  7132 F DEBUG   : signal 11 (SIGSEGV), code 1 (SEGV_MAPERR), fault addr 0x0000795b9ae9abe0
09-22 22:51:56.955  7132  7132 F DEBUG   :     rax 0000000000000000  rbx 0000795e731b689c  rcx 0000000000000001  rdx 0000000000000002
09-22 22:51:56.955  7132  7132 F DEBUG   :     r8  0000000000000020  r9  0000000000020002  r10 0000000000000001  r11 0000000000000206
09-22 22:51:56.955  7132  7132 F DEBUG   :     r12 0000000000001000  r13 00000000000005b7  r14 0000795b9ae9abe0  r15 0000000000008928
09-22 22:51:56.955  7132  7132 F DEBUG   :     rdi 0000795b9b260ee8  rsi 0000000000001000
09-22 22:51:56.955  7132  7132 F DEBUG   :     rbp 00007ffc80ff6000  rsp 00007ffc80ff5f98  rip 0000795b9ae9abe0
09-22 22:51:56.955  7132  7132 F DEBUG   : 4 total frames
09-22 22:51:56.955  7132  7132 F DEBUG   : backtrace:
09-22 22:51:56.955  7132  7132 F DEBUG   :       #00 pc 0000795b9ae9abe0  <unknown>
09-22 22:51:56.955  7132  7132 F DEBUG   :       #01 pc 000000000005846f  /apex/com.android.runtime/lib64/bionic/libc.so (__cxa_finalize+287) (BuildId: 52bc34193ef6f6311bbb44f2305d1b1d)
09-22 22:51:56.955  7132  7132 F DEBUG   :       #02 pc 000000000005c83f  /apex/com.android.runtime/lib64/bionic/libc.so (exit+31) (BuildId: 52bc34193ef6f6311bbb44f2305d1b1d)
09-22 22:51:56.955  7132  7132 F DEBUG   :       #03 pc 00000000000520dc  /apex/com.android.runtime/lib64/bionic/libc.so (__libc_init+124) (BuildId: 52bc34193ef6f6311bbb44f2305d1b1d)
09-22 22:52:22.232  7246  7246 F libc    : Fatal signal 11 (SIGSEGV), code 1 (SEGV_MAPERR), fault addr 0x701ccf4eabe0 in tid 7246 (Shutdown thread), pid 7246 (Shutdown thread)
09-22 22:52:22.284  7264  7264 F DEBUG   : *** *** *** *** *** *** *** *** *** *** *** *** *** *** *** ***
09-22 22:52:22.284  7264  7264 F DEBUG   : Build fingerprint: 'Samsung/r9q/r9q:15/V417IR/972:user/release-keys'
09-22 22:52:22.284  7264  7264 F DEBUG   : Revision: '0'
09-22 22:52:22.284  7264  7264 F DEBUG   : ABI: 'x86_64'
09-22 22:52:22.284  7264  7264 F DEBUG   : Timestamp: 2026-09-22 22:52:22.244044210+0800
09-22 22:52:22.284  7264  7264 F DEBUG   : Process uptime: 3s
09-22 22:52:22.284  7264  7264 F DEBUG   : Cmdline: uiautomator
09-22 22:52:22.284  7264  7264 F DEBUG   : pid: 7246, tid: 7246, name: Shutdown thread  >>> uiautomator <<<
09-22 22:52:22.284  7264  7264 F DEBUG   : uid: 2000
09-22 22:52:22.284  7264  7264 F DEBUG   : signal 11 (SIGSEGV), code 1 (SEGV_MAPERR), fault addr 0x0000701ccf4eabe0
09-22 22:52:22.284  7264  7264 F DEBUG   :     rax 0000000000000000  rbx 0000701f9573089c  rcx 0000000000000001  rdx 0000000000000002
09-22 22:52:22.284  7264  7264 F DEBUG   :     r8  0000000000000020  r9  0000000000020002  r10 0000000000000001  r11 0000000000000206
09-22 22:52:22.284  7264  7264 F DEBUG   :     r12 0000000000001000  r13 00000000000005b7  r14 0000701ccf4eabe0  r15 0000000000008928
09-22 22:52:22.284  7264  7264 F DEBUG   :     rdi 0000701ccf8b0ee8  rsi 0000000000001000
09-22 22:52:22.284  7264  7264 F DEBUG   :     rbp 00007ffeab7cc300  rsp 00007ffeab7cc298  rip 0000701ccf4eabe0
09-22 22:52:22.284  7264  7264 F DEBUG   : 4 total frames
09-22 22:52:22.284  7264  7264 F DEBUG   : backtrace:
09-22 22:52:22.284  7264  7264 F DEBUG   :       #00 pc 0000701ccf4eabe0  <unknown>
09-22 22:52:22.284  7264  7264 F DEBUG   :       #01 pc 000000000005846f  /apex/com.android.runtime/lib64/bionic/libc.so (__cxa_finalize+287) (BuildId: 52bc34193ef6f6311bbb44f2305d1b1d)
09-22 22:52:22.284  7264  7264 F DEBUG   :       #02 pc 000000000005c83f  /apex/com.android.runtime/lib64/bionic/libc.so (exit+31) (BuildId: 52bc34193ef6f6311bbb44f2305d1b1d)
09-22 22:52:22.284  7264  7264 F DEBUG   :       #03 pc 00000000000520dc  /apex/com.android.runtime/lib64/bionic/libc.so (__libc_init+124) (BuildId: 52bc34193ef6f6311bbb44f2305d1b1d)
09-22 22:55:18.579  7346  7346 F libc    : Fatal signal 11 (SIGSEGV), code 1 (SEGV_MAPERR), fault addr 0x7bbd71065be0 in tid 7346 (Shutdown thread), pid 7346 (Shutdown thread)
09-22 22:55:18.631  7364  7364 F DEBUG   : *** *** *** *** *** *** *** *** *** *** *** *** *** *** *** ***
09-22 22:55:18.631  7364  7364 F DEBUG   : Build fingerprint: 'Samsung/r9q/r9q:15/V417IR/972:user/release-keys'
09-22 22:55:18.631  7364  7364 F DEBUG   : Revision: '0'
09-22 22:55:18.631  7364  7364 F DEBUG   : ABI: 'x86_64'
09-22 22:55:18.631  7364  7364 F DEBUG   : Timestamp: 2026-09-22 22:55:18.603554065+0800
09-22 22:55:18.631  7364  7364 F DEBUG   : Process uptime: 3s
09-22 22:55:18.631  7364  7364 F DEBUG   : Cmdline: uiautomator
09-22 22:55:18.631  7364  7364 F DEBUG   : pid: 7346, tid: 7346, name: Shutdown thread  >>> uiautomator <<<
09-22 22:55:18.631  7364  7364 F DEBUG   : uid: 2000
09-22 22:55:18.631  7364  7364 F DEBUG   : signal 11 (SIGSEGV), code 1 (SEGV_MAPERR), fault addr 0x00007bbd71065be0
09-22 22:55:18.631  7364  7364 F DEBUG   :     rax 0000000000000000  rbx 00007bc0521f089c  rcx 0000000000000001  rdx 0000000000000002
09-22 22:55:18.631  7364  7364 F DEBUG   :     r8  0000000000000020  r9  0000000000020002  r10 0000000000000001  r11 0000000000000206
09-22 22:55:18.631  7364  7364 F DEBUG   :     r12 0000000000001000  r13 00000000000005b7  r14 00007bbd71065be0  r15 0000000000008928
09-22 22:55:18.631  7364  7364 F DEBUG   :     rdi 00007bbd7142bee8  rsi 0000000000001000
09-22 22:55:18.631  7364  7364 F DEBUG   :     rbp 00007ffd7d67ed10  rsp 00007ffd7d67eca8  rip 00007bbd71065be0
09-22 22:55:18.631  7364  7364 F DEBUG   : 4 total frames
09-22 22:55:18.631  7364  7364 F DEBUG   : backtrace:
09-22 22:55:18.631  7364  7364 F DEBUG   :       #00 pc 00007bbd71065be0  <unknown>
09-22 22:55:18.631  7364  7364 F DEBUG   :       #01 pc 000000000005846f  /apex/com.android.runtime/lib64/bionic/libc.so (__cxa_finalize+287) (BuildId: 52bc34193ef6f6311bbb44f2305d1b1d)
09-22 22:55:18.631  7364  7364 F DEBUG   :       #02 pc 000000000005c83f  /apex/com.android.runtime/lib64/bionic/libc.so (exit+31) (BuildId: 52bc34193ef6f6311bbb44f2305d1b1d)
09-22 22:55:18.631  7364  7364 F DEBUG   :       #03 pc 00000000000520dc  /apex/com.android.runtime/lib64/bionic/libc.so (__libc_init+124) (BuildId: 52bc34193ef6f6311bbb44f2305d1b1d)
09-22 22:55:30.611  7432  7432 F libc    : Fatal signal 11 (SIGSEGV), code 1 (SEGV_MAPERR), fault addr 0x73af9daadbe0 in tid 7432 (Shutdown thread), pid 7432 (Shutdown thread)
09-22 22:55:30.655  7449  7449 F DEBUG   : *** *** *** *** *** *** *** *** *** *** *** *** *** *** *** ***
09-22 22:55:30.655  7449  7449 F DEBUG   : Build fingerprint: 'Samsung/r9q/r9q:15/V417IR/972:user/release-keys'
09-22 22:55:30.655  7449  7449 F DEBUG   : Revision: '0'
09-22 22:55:30.655  7449  7449 F DEBUG   : ABI: 'x86_64'
09-22 22:55:30.655  7449  7449 F DEBUG   : Timestamp: 2026-09-22 22:55:30.622090654+0800
09-22 22:55:30.655  7449  7449 F DEBUG   : Process uptime: 3s
09-22 22:55:30.655  7449  7449 F DEBUG   : Cmdline: uiautomator
09-22 22:55:30.655  7449  7449 F DEBUG   : pid: 7432, tid: 7432, name: Shutdown thread  >>> uiautomator <<<
09-22 22:55:30.655  7449  7449 F DEBUG   : uid: 2000
09-22 22:55:30.655  7449  7449 F DEBUG   : signal 11 (SIGSEGV), code 1 (SEGV_MAPERR), fault addr 0x000073af9daadbe0
09-22 22:55:30.655  7449  7449 F DEBUG   :     rax 0000000000000000  rbx 000073b26a1f689c  rcx 0000000000000001  rdx 0000000000000002
09-22 22:55:30.655  7449  7449 F DEBUG   :     r8  0000000000000020  r9  0000000000020002  r10 0000000000000001  r11 0000000000000206
09-22 22:55:30.655  7449  7449 F DEBUG   :     r12 0000000000001000  r13 00000000000005b7  r14 000073af9daadbe0  r15 0000000000008928
09-22 22:55:30.655  7449  7449 F DEBUG   :     rdi 000073af9de73ee8  rsi 0000000000001000
09-22 22:55:30.655  7449  7449 F DEBUG   :     rbp 00007fffc4b00a20  rsp 00007fffc4b009b8  rip 000073af9daadbe0
09-22 22:55:30.655  7449  7449 F DEBUG   : 4 total frames
09-22 22:55:30.655  7449  7449 F DEBUG   : backtrace:
09-22 22:55:30.655  7449  7449 F DEBUG   :       #00 pc 000073af9daadbe0  <unknown>
09-22 22:55:30.655  7449  7449 F DEBUG   :       #01 pc 000000000005846f  /apex/com.android.runtime/lib64/bionic/libc.so (__cxa_finalize+287) (BuildId: 52bc34193ef6f6311bbb44f2305d1b1d)
09-22 22:55:30.655  7449  7449 F DEBUG   :       #02 pc 000000000005c83f  /apex/com.android.runtime/lib64/bionic/libc.so (exit+31) (BuildId: 52bc34193ef6f6311bbb44f2305d1b1d)
09-22 22:55:30.655  7449  7449 F DEBUG   :       #03 pc 00000000000520dc  /apex/com.android.runtime/lib64/bionic/libc.so (__libc_init+124) (BuildId: 52bc34193ef6f6311bbb44f2305d1b1d)
09-22 22:55:35.410  7471  7471 F libc    : Fatal signal 11 (SIGSEGV), code 1 (SEGV_MAPERR), fault addr 0x786565cf1be0 in tid 7471 (Shutdown thread), pid 7471 (Shutdown thread)
09-22 22:55:35.438  7489  7489 F DEBUG   : *** *** *** *** *** *** *** *** *** *** *** *** *** *** *** ***
09-22 22:55:35.438  7489  7489 F DEBUG   : Build fingerprint: 'Samsung/r9q/r9q:15/V417IR/972:user/release-keys'
09-22 22:55:35.438  7489  7489 F DEBUG   : Revision: '0'
09-22 22:55:35.438  7489  7489 F DEBUG   : ABI: 'x86_64'
09-22 22:55:35.438  7489  7489 F DEBUG   : Timestamp: 2026-09-22 22:55:35.418861877+0800
09-22 22:55:35.438  7489  7489 F DEBUG   : Process uptime: 3s
09-22 22:55:35.438  7489  7489 F DEBUG   : Cmdline: uiautomator
09-22 22:55:35.438  7489  7489 F DEBUG   : pid: 7471, tid: 7471, name: Shutdown thread  >>> uiautomator <<<
09-22 22:55:35.438  7489  7489 F DEBUG   : uid: 2000
09-22 22:55:35.438  7489  7489 F DEBUG   : signal 11 (SIGSEGV), code 1 (SEGV_MAPERR), fault addr 0x0000786565cf1be0
09-22 22:55:35.438  7489  7489 F DEBUG   :     rax 0000000000000000  rbx 0000786854bf689c  rcx 0000000000000001  rdx 0000000000000002
09-22 22:55:35.438  7489  7489 F DEBUG   :     r8  0000000000000020  r9  0000000000020002  r10 0000000000000001  r11 0000000000000206
09-22 22:55:35.438  7489  7489 F DEBUG   :     r12 0000000000001000  r13 00000000000005b7  r14 0000786565cf1be0  r15 0000000000008928
09-22 22:55:35.438  7489  7489 F DEBUG   :     rdi 00007865660b7ee8  rsi 0000000000001000
09-22 22:55:35.438  7489  7489 F DEBUG   :     rbp 00007ffd12a6e540  rsp 00007ffd12a6e4d8  rip 0000786565cf1be0
09-22 22:55:35.438  7489  7489 F DEBUG   : 4 total frames
09-22 22:55:35.438  7489  7489 F DEBUG   : backtrace:
09-22 22:55:35.438  7489  7489 F DEBUG   :       #00 pc 0000786565cf1be0  <unknown>
09-22 22:55:35.438  7489  7489 F DEBUG   :       #01 pc 000000000005846f  /apex/com.android.runtime/lib64/bionic/libc.so (__cxa_finalize+287) (BuildId: 52bc34193ef6f6311bbb44f2305d1b1d)
09-22 22:55:35.438  7489  7489 F DEBUG   :       #02 pc 000000000005c83f  /apex/com.android.runtime/lib64/bionic/libc.so (exit+31) (BuildId: 52bc34193ef6f6311bbb44f2305d1b1d)
09-22 22:55:35.438  7489  7489 F DEBUG   :       #03 pc 00000000000520dc  /apex/com.android.runtime/lib64/bionic/libc.so (__libc_init+124) (BuildId: 52bc34193ef6f6311bbb44f2305d1b1d)
09-22 22:55:52.823  7504  7504 F libc    : Fatal signal 11 (SIGSEGV), code 1 (SEGV_MAPERR), fault addr 0x7648e46c0be0 in tid 7504 (Shutdown thread), pid 7504 (Shutdown thread)
09-22 22:55:52.858  7524  7524 F DEBUG   : *** *** *** *** *** *** *** *** *** *** *** *** *** *** *** ***
09-22 22:55:52.858  7524  7524 F DEBUG   : Build fingerprint: 'Samsung/r9q/r9q:15/V417IR/972:user/release-keys'
09-22 22:55:52.858  7524  7524 F DEBUG   : Revision: '0'
09-22 22:55:52.858  7524  7524 F DEBUG   : ABI: 'x86_64'
09-22 22:55:52.858  7524  7524 F DEBUG   : Timestamp: 2026-09-22 22:55:52.831448039+0800
09-22 22:55:52.858  7524  7524 F DEBUG   : Process uptime: 3s
09-22 22:55:52.858  7524  7524 F DEBUG   : Cmdline: uiautomator
09-22 22:55:52.858  7524  7524 F DEBUG   : pid: 7504, tid: 7504, name: Shutdown thread  >>> uiautomator <<<
09-22 22:55:52.858  7524  7524 F DEBUG   : uid: 2000
09-22 22:55:52.858  7524  7524 F DEBUG   : signal 11 (SIGSEGV), code 1 (SEGV_MAPERR), fault addr 0x00007648e46c0be0
09-22 22:55:52.858  7524  7524 F DEBUG   :     rax 0000000000000000  rbx 0000764bc0f7389c  rcx 0000000000000001  rdx 0000000000000002
09-22 22:55:52.858  7524  7524 F DEBUG   :     r8  0000000000000020  r9  0000000000020002  r10 0000000000000001  r11 0000000000000206
09-22 22:55:52.858  7524  7524 F DEBUG   :     r12 0000000000001000  r13 00000000000005b7  r14 00007648e46c0be0  r15 0000000000008928
09-22 22:55:52.858  7524  7524 F DEBUG   :     rdi 00007648e4a86ee8  rsi 0000000000001000
09-22 22:55:52.858  7524  7524 F DEBUG   :     rbp 00007ffe0632a640  rsp 00007ffe0632a5d8  rip 00007648e46c0be0
09-22 22:55:52.858  7524  7524 F DEBUG   : 4 total frames
09-22 22:55:52.858  7524  7524 F DEBUG   : backtrace:
09-22 22:55:52.858  7524  7524 F DEBUG   :       #00 pc 00007648e46c0be0  <unknown>
09-22 22:55:52.858  7524  7524 F DEBUG   :       #01 pc 000000000005846f  /apex/com.android.runtime/lib64/bionic/libc.so (__cxa_finalize+287) (BuildId: 52bc34193ef6f6311bbb44f2305d1b1d)
09-22 22:55:52.858  7524  7524 F DEBUG   :       #02 pc 000000000005c83f  /apex/com.android.runtime/lib64/bionic/libc.so (exit+31) (BuildId: 52bc34193ef6f6311bbb44f2305d1b1d)
09-22 22:55:52.858  7524  7524 F DEBUG   :       #03 pc 00000000000520dc  /apex/com.android.runtime/lib64/bionic/libc.so (__libc_init+124) (BuildId: 52bc34193ef6f6311bbb44f2305d1b1d)
09-22 22:56:07.578  7571  7571 F libc    : Fatal signal 11 (SIGSEGV), code 1 (SEGV_MAPERR), fault addr 0x73d5ab703be0 in tid 7571 (Shutdown thread), pid 7571 (Shutdown thread)
09-22 22:56:07.612  7589  7589 F DEBUG   : *** *** *** *** *** *** *** *** *** *** *** *** *** *** *** ***
09-22 22:56:07.612  7589  7589 F DEBUG   : Build fingerprint: 'Samsung/r9q/r9q:15/V417IR/972:user/release-keys'
09-22 22:56:07.612  7589  7589 F DEBUG   : Revision: '0'
09-22 22:56:07.612  7589  7589 F DEBUG   : ABI: 'x86_64'
09-22 22:56:07.612  7589  7589 F DEBUG   : Timestamp: 2026-09-22 22:56:07.587786862+0800
09-22 22:56:07.612  7589  7589 F DEBUG   : Process uptime: 3s
09-22 22:56:07.612  7589  7589 F DEBUG   : Cmdline: uiautomator
09-22 22:56:07.612  7589  7589 F DEBUG   : pid: 7571, tid: 7571, name: Shutdown thread  >>> uiautomator <<<
09-22 22:56:07.612  7589  7589 F DEBUG   : uid: 2000
09-22 22:56:07.612  7589  7589 F DEBUG   : signal 11 (SIGSEGV), code 1 (SEGV_MAPERR), fault addr 0x000073d5ab703be0
09-22 22:56:07.612  7589  7589 F DEBUG   :     rax 0000000000000000  rbx 000073d87873489c  rcx 0000000000000001  rdx 0000000000000002
09-22 22:56:07.612  7589  7589 F DEBUG   :     r8  0000000000000020  r9  0000000000020002  r10 0000000000000001  r11 0000000000000206
09-22 22:56:07.612  7589  7589 F DEBUG   :     r12 0000000000001000  r13 00000000000005b7  r14 000073d5ab703be0  r15 0000000000008928
09-22 22:56:07.612  7589  7589 F DEBUG   :     rdi 000073d5abac9ee8  rsi 0000000000001000
09-22 22:56:07.612  7589  7589 F DEBUG   :     rbp 00007ffc74b42640  rsp 00007ffc74b425d8  rip 000073d5ab703be0
09-22 22:56:07.612  7589  7589 F DEBUG   : 4 total frames
09-22 22:56:07.612  7589  7589 F DEBUG   : backtrace:
09-22 22:56:07.612  7589  7589 F DEBUG   :       #00 pc 000073d5ab703be0  <unknown>
09-22 22:56:07.612  7589  7589 F DEBUG   :       #01 pc 000000000005846f  /apex/com.android.runtime/lib64/bionic/libc.so (__cxa_finalize+287) (BuildId: 52bc34193ef6f6311bbb44f2305d1b1d)
09-22 22:56:07.612  7589  7589 F DEBUG   :       #02 pc 000000000005c83f  /apex/com.android.runtime/lib64/bionic/libc.so (exit+31) (BuildId: 52bc34193ef6f6311bbb44f2305d1b1d)
09-22 22:56:07.612  7589  7589 F DEBUG   :       #03 pc 00000000000520dc  /apex/com.android.runtime/lib64/bionic/libc.so (__libc_init+124) (BuildId: 52bc34193ef6f6311bbb44f2305d1b1d)
09-22 22:56:30.155  8350  8350 F libc    : Fatal signal 11 (SIGSEGV), code 1 (SEGV_MAPERR), fault addr 0x776a36e93be0 in tid 8350 (Shutdown thread), pid 8350 (Shutdown thread)
09-22 22:56:30.271  9055  9055 F DEBUG   : *** *** *** *** *** *** *** *** *** *** *** *** *** *** *** ***
09-22 22:56:30.271  9055  9055 F DEBUG   : Build fingerprint: 'Samsung/r9q/r9q:15/V417IR/972:user/release-keys'
09-22 22:56:30.271  9055  9055 F DEBUG   : Revision: '0'
09-22 22:56:30.271  9055  9055 F DEBUG   : ABI: 'x86_64'
09-22 22:56:30.271  9055  9055 F DEBUG   : Timestamp: 2026-09-22 22:56:30.199905258+0800
09-22 22:56:30.271  9055  9055 F DEBUG   : Process uptime: 12s
09-22 22:56:30.271  9055  9055 F DEBUG   : Cmdline: uiautomator
09-22 22:56:30.271  9055  9055 F DEBUG   : pid: 8350, tid: 8350, name: Shutdown thread  >>> uiautomator <<<
09-22 22:56:30.271  9055  9055 F DEBUG   : uid: 2000
09-22 22:56:30.271  9055  9055 F DEBUG   : signal 11 (SIGSEGV), code 1 (SEGV_MAPERR), fault addr 0x0000776a36e93be0
09-22 22:56:30.271  9055  9055 F DEBUG   :     rax 0000000000000000  rbx 0000776d86df689c  rcx 0000000000000001  rdx 0000000000000002
09-22 22:56:30.271  9055  9055 F DEBUG   :     r8  0000000000000020  r9  0000000000020002  r10 0000000000000001  r11 0000000000000206
09-22 22:56:30.271  9055  9055 F DEBUG   :     r12 0000000000001000  r13 00000000000005b7  r14 0000776a36e93be0  r15 0000000000008928
09-22 22:56:30.271  9055  9055 F DEBUG   :     rdi 0000776a37259ee8  rsi 0000000000001000
09-22 22:56:30.271  9055  9055 F DEBUG   :     rbp 00007fffbb8f7770  rsp 00007fffbb8f7708  rip 0000776a36e93be0
09-22 22:56:30.271  9055  9055 F DEBUG   : 4 total frames
09-22 22:56:30.271  9055  9055 F DEBUG   : backtrace:
09-22 22:56:30.271  9055  9055 F DEBUG   :       #00 pc 0000776a36e93be0  <unknown>
09-22 22:56:30.271  9055  9055 F DEBUG   :       #01 pc 000000000005846f  /apex/com.android.runtime/lib64/bionic/libc.so (__cxa_finalize+287) (BuildId: 52bc34193ef6f6311bbb44f2305d1b1d)
09-22 22:56:30.271  9055  9055 F DEBUG   :       #02 pc 000000000005c83f  /apex/com.android.runtime/lib64/bionic/libc.so (exit+31) (BuildId: 52bc34193ef6f6311bbb44f2305d1b1d)
09-22 22:56:30.271  9055  9055 F DEBUG   :       #03 pc 00000000000520dc  /apex/com.android.runtime/lib64/bionic/libc.so (__libc_init+124) (BuildId: 52bc34193ef6f6311bbb44f2305d1b1d)
09-22 22:57:03.642 10125 10125 F libc    : Fatal signal 11 (SIGSEGV), code 1 (SEGV_MAPERR), fault addr 0x728f7c472be0 in tid 10125 (Shutdown thread), pid 10125 (Shutdown thread)
09-22 22:57:03.682 10307 10307 F DEBUG   : *** *** *** *** *** *** *** *** *** *** *** *** *** *** *** ***
09-22 22:57:03.682 10307 10307 F DEBUG   : Build fingerprint: 'Samsung/r9q/r9q:15/V417IR/972:user/release-keys'
09-22 22:57:03.682 10307 10307 F DEBUG   : Revision: '0'
09-22 22:57:03.682 10307 10307 F DEBUG   : ABI: 'x86_64'
09-22 22:57:03.682 10307 10307 F DEBUG   : Timestamp: 2026-09-22 22:57:03.651978481+0800
09-22 22:57:03.682 10307 10307 F DEBUG   : Process uptime: 12s
09-22 22:57:03.682 10307 10307 F DEBUG   : Cmdline: uiautomator
09-22 22:57:03.682 10307 10307 F DEBUG   : pid: 10125, tid: 10125, name: Shutdown thread  >>> uiautomator <<<
09-22 22:57:03.682 10307 10307 F DEBUG   : uid: 2000
09-22 22:57:03.683 10307 10307 F DEBUG   : signal 11 (SIGSEGV), code 1 (SEGV_MAPERR), fault addr 0x0000728f7c472be0
09-22 22:57:03.683 10307 10307 F DEBUG   :     rax 0000000000000000  rbx 00007292debf589c  rcx 0000000000000001  rdx 0000000000000002
09-22 22:57:03.683 10307 10307 F DEBUG   :     r8  0000000000000020  r9  0000000000020002  r10 0000000000000001  r11 0000000000000206
09-22 22:57:03.683 10307 10307 F DEBUG   :     r12 0000000000001000  r13 00000000000005b7  r14 0000728f7c472be0  r15 0000000000008928
09-22 22:57:03.683 10307 10307 F DEBUG   :     rdi 0000728f7c838ee8  rsi 0000000000001000
09-22 22:57:03.683 10307 10307 F DEBUG   :     rbp 00007ffe3747ec60  rsp 00007ffe3747ebf8  rip 0000728f7c472be0
09-22 22:57:03.683 10307 10307 F DEBUG   : 4 total frames
09-22 22:57:03.683 10307 10307 F DEBUG   : backtrace:
09-22 22:57:03.683 10307 10307 F DEBUG   :       #00 pc 0000728f7c472be0  <unknown>
09-22 22:57:03.683 10307 10307 F DEBUG   :       #01 pc 000000000005846f  /apex/com.android.runtime/lib64/bionic/libc.so (__cxa_finalize+287) (BuildId: 52bc34193ef6f6311bbb44f2305d1b1d)
09-22 22:57:03.683 10307 10307 F DEBUG   :       #02 pc 000000000005c83f  /apex/com.android.runtime/lib64/bionic/libc.so (exit+31) (BuildId: 52bc34193ef6f6311bbb44f2305d1b1d)
09-22 22:57:03.683 10307 10307 F DEBUG   :       #03 pc 00000000000520dc  /apex/com.android.runtime/lib64/bionic/libc.so (__libc_init+124) (BuildId: 52bc34193ef6f6311bbb44f2305d1b1d)
09-22 22:57:35.621 11504 11504 F libc    : Fatal signal 11 (SIGSEGV), code 1 (SEGV_MAPERR), fault addr 0x7e800bc95be0 in tid 11504 (Shutdown thread), pid 11504 (Shutdown thread)
09-22 22:57:35.907 11676 11676 F DEBUG   : *** *** *** *** *** *** *** *** *** *** *** *** *** *** *** ***
09-22 22:57:35.907 11676 11676 F DEBUG   : Build fingerprint: 'Samsung/r9q/r9q:15/V417IR/972:user/release-keys'
09-22 22:57:35.907 11676 11676 F DEBUG   : Revision: '0'
09-22 22:57:35.907 11676 11676 F DEBUG   : ABI: 'x86_64'
09-22 22:57:35.907 11676 11676 F DEBUG   : Timestamp: 2026-09-22 22:57:35.734725905+0800
09-22 22:57:35.907 11676 11676 F DEBUG   : Process uptime: 3s
09-22 22:57:35.907 11676 11676 F DEBUG   : Cmdline: uiautomator
09-22 22:57:35.907 11676 11676 F DEBUG   : pid: 11504, tid: 11504, name: Shutdown thread  >>> uiautomator <<<
09-22 22:57:35.907 11676 11676 F DEBUG   : uid: 2000
09-22 22:57:35.907 11676 11676 F DEBUG   : signal 11 (SIGSEGV), code 1 (SEGV_MAPERR), fault addr 0x00007e800bc95be0
09-22 22:57:35.907 11676 11676 F DEBUG   :     rax 0000000000000000  rbx 00007e82f71b889c  rcx 0000000000000001  rdx 0000000000000002
09-22 22:57:35.907 11676 11676 F DEBUG   :     r8  00007e82f71affa4  r9  00000000000032af  r10 0000000000000000  r11 0000000000000206
09-22 22:57:35.907 11676 11676 F DEBUG   :     r12 0000000000001000  r13 00000000000005b7  r14 00007e800bc95be0  r15 0000000000008928
09-22 22:57:35.907 11676 11676 F DEBUG   :     rdi 00007e800c05bee8  rsi 0000000000001000
09-22 22:57:35.908 11676 11676 F DEBUG   :     rbp 00007ffc5abbf620  rsp 00007ffc5abbf5b8  rip 00007e800bc95be0
09-22 22:57:35.908 11676 11676 F DEBUG   : 4 total frames
09-22 22:57:35.908 11676 11676 F DEBUG   : backtrace:
09-22 22:57:35.908 11676 11676 F DEBUG   :       #00 pc 00007e800bc95be0  <unknown>
09-22 22:57:35.908 11676 11676 F DEBUG   :       #01 pc 000000000005846f  /apex/com.android.runtime/lib64/bionic/libc.so (__cxa_finalize+287) (BuildId: 52bc34193ef6f6311bbb44f2305d1b1d)
09-22 22:57:35.908 11676 11676 F DEBUG   :       #02 pc 000000000005c83f  /apex/com.android.runtime/lib64/bionic/libc.so (exit+31) (BuildId: 52bc34193ef6f6311bbb44f2305d1b1d)
09-22 22:57:35.908 11676 11676 F DEBUG   :       #03 pc 00000000000520dc  /apex/com.android.runtime/lib64/bionic/libc.so (__libc_init+124) (BuildId: 52bc34193ef6f6311bbb44f2305d1b1d)
09-22 22:57:52.554 11745 11745 F libc    : Fatal signal 11 (SIGSEGV), code 1 (SEGV_MAPERR), fault addr 0x706c07ce6be0 in tid 11745 (Shutdown thread), pid 11745 (Shutdown thread)
09-22 22:57:52.603 11762 11762 F DEBUG   : *** *** *** *** *** *** *** *** *** *** *** *** *** *** *** ***
09-22 22:57:52.603 11762 11762 F DEBUG   : Build fingerprint: 'Samsung/r9q/r9q:15/V417IR/972:user/release-keys'
09-22 22:57:52.603 11762 11762 F DEBUG   : Revision: '0'
09-22 22:57:52.603 11762 11762 F DEBUG   : ABI: 'x86_64'
09-22 22:57:52.603 11762 11762 F DEBUG   : Timestamp: 2026-09-22 22:57:52.566630797+0800
09-22 22:57:52.603 11762 11762 F DEBUG   : Process uptime: 3s
09-22 22:57:52.603 11762 11762 F DEBUG   : Cmdline: uiautomator
09-22 22:57:52.603 11762 11762 F DEBUG   : pid: 11745, tid: 11745, name: Shutdown thread  >>> uiautomator <<<
09-22 22:57:52.603 11762 11762 F DEBUG   : uid: 2000
09-22 22:57:52.603 11762 11762 F DEBUG   : signal 11 (SIGSEGV), code 1 (SEGV_MAPERR), fault addr 0x0000706c07ce6be0
09-22 22:57:52.603 11762 11762 F DEBUG   :     rax 0000000000000000  rbx 0000706efebcb89c  rcx 0000000000000001  rdx 0000000000000002
09-22 22:57:52.603 11762 11762 F DEBUG   :     r8  0000000000000020  r9  0000000000020002  r10 0000000000000001  r11 0000000000000206
09-22 22:57:52.603 11762 11762 F DEBUG   :     r12 0000000000001000  r13 00000000000005b7  r14 0000706c07ce6be0  r15 0000000000008928
09-22 22:57:52.603 11762 11762 F DEBUG   :     rdi 0000706c080acee8  rsi 0000000000001000
09-22 22:57:52.603 11762 11762 F DEBUG   :     rbp 00007fff6cee3380  rsp 00007fff6cee3318  rip 0000706c07ce6be0
09-22 22:57:52.603 11762 11762 F DEBUG   : 4 total frames
09-22 22:57:52.603 11762 11762 F DEBUG   : backtrace:
09-22 22:57:52.603 11762 11762 F DEBUG   :       #00 pc 0000706c07ce6be0  <unknown>
09-22 22:57:52.603 11762 11762 F DEBUG   :       #01 pc 000000000005846f  /apex/com.android.runtime/lib64/bionic/libc.so (__cxa_finalize+287) (BuildId: 52bc34193ef6f6311bbb44f2305d1b1d)
09-22 22:57:52.603 11762 11762 F DEBUG   :       #02 pc 000000000005c83f  /apex/com.android.runtime/lib64/bionic/libc.so (exit+31) (BuildId: 52bc34193ef6f6311bbb44f2305d1b1d)
09-22 22:57:52.603 11762 11762 F DEBUG   :       #03 pc 00000000000520dc  /apex/com.android.runtime/lib64/bionic/libc.so (__libc_init+124) (BuildId: 52bc34193ef6f6311bbb44f2305d1b1d)
09-22 22:58:06.378 11791 11791 F libc    : Fatal signal 11 (SIGSEGV), code 1 (SEGV_MAPERR), fault addr 0x7e82962b8be0 in tid 11791 (Shutdown thread), pid 11791 (Shutdown thread)
09-22 22:58:06.422 11808 11808 F DEBUG   : *** *** *** *** *** *** *** *** *** *** *** *** *** *** *** ***
09-22 22:58:06.422 11808 11808 F DEBUG   : Build fingerprint: 'Samsung/r9q/r9q:15/V417IR/972:user/release-keys'
09-22 22:58:06.422 11808 11808 F DEBUG   : Revision: '0'
09-22 22:58:06.422 11808 11808 F DEBUG   : ABI: 'x86_64'
09-22 22:58:06.422 11808 11808 F DEBUG   : Timestamp: 2026-09-22 22:58:06.387770407+0800
09-22 22:58:06.422 11808 11808 F DEBUG   : Process uptime: 3s
09-22 22:58:06.422 11808 11808 F DEBUG   : Cmdline: uiautomator
09-22 22:58:06.422 11808 11808 F DEBUG   : pid: 11791, tid: 11791, name: Shutdown thread  >>> uiautomator <<<
09-22 22:58:06.422 11808 11808 F DEBUG   : uid: 2000
09-22 22:58:06.422 11808 11808 F DEBUG   : signal 11 (SIGSEGV), code 1 (SEGV_MAPERR), fault addr 0x00007e82962b8be0
09-22 22:58:06.422 11808 11808 F DEBUG   :     rax 0000000000000000  rbx 00007e857a1b189c  rcx 0000000000000001  rdx 0000000000000002
09-22 22:58:06.422 11808 11808 F DEBUG   :     r8  0000000000000020  r9  0000000000020002  r10 0000000000000001  r11 0000000000000206
09-22 22:58:06.422 11808 11808 F DEBUG   :     r12 0000000000001000  r13 00000000000005b7  r14 00007e82962b8be0  r15 0000000000008928
09-22 22:58:06.422 11808 11808 F DEBUG   :     rdi 00007e829667eee8  rsi 0000000000001000
09-22 22:58:06.422 11808 11808 F DEBUG   :     rbp 00007ffdafb71d20  rsp 00007ffdafb71cb8  rip 00007e82962b8be0
09-22 22:58:06.422 11808 11808 F DEBUG   : 4 total frames
09-22 22:58:06.422 11808 11808 F DEBUG   : backtrace:
09-22 22:58:06.422 11808 11808 F DEBUG   :       #00 pc 00007e82962b8be0  <unknown>
09-22 22:58:06.422 11808 11808 F DEBUG   :       #01 pc 000000000005846f  /apex/com.android.runtime/lib64/bionic/libc.so (__cxa_finalize+287) (BuildId: 52bc34193ef6f6311bbb44f2305d1b1d)
09-22 22:58:06.422 11808 11808 F DEBUG   :       #02 pc 000000000005c83f  /apex/com.android.runtime/lib64/bionic/libc.so (exit+31) (BuildId: 52bc34193ef6f6311bbb44f2305d1b1d)
09-22 22:58:06.422 11808 11808 F DEBUG   :       #03 pc 00000000000520dc  /apex/com.android.runtime/lib64/bionic/libc.so (__libc_init+124) (BuildId: 52bc34193ef6f6311bbb44f2305d1b1d)
09-22 22:58:16.354 11852 11852 F libc    : Fatal signal 11 (SIGSEGV), code 1 (SEGV_MAPERR), fault addr 0x7f446626cbe0 in tid 11852 (Shutdown thread), pid 11852 (Shutdown thread)
09-22 22:58:16.390 11871 11871 F DEBUG   : *** *** *** *** *** *** *** *** *** *** *** *** *** *** *** ***
09-22 22:58:16.390 11871 11871 F DEBUG   : Build fingerprint: 'Samsung/r9q/r9q:15/V417IR/972:user/release-keys'
09-22 22:58:16.390 11871 11871 F DEBUG   : Revision: '0'
09-22 22:58:16.390 11871 11871 F DEBUG   : ABI: 'x86_64'
09-22 22:58:16.390 11871 11871 F DEBUG   : Timestamp: 2026-09-22 22:58:16.366017557+0800
09-22 22:58:16.390 11871 11871 F DEBUG   : Process uptime: 3s
09-22 22:58:16.390 11871 11871 F DEBUG   : Cmdline: uiautomator
09-22 22:58:16.390 11871 11871 F DEBUG   : pid: 11852, tid: 11852, name: Shutdown thread  >>> uiautomator <<<
09-22 22:58:16.390 11871 11871 F DEBUG   : uid: 2000
09-22 22:58:16.390 11871 11871 F DEBUG   : signal 11 (SIGSEGV), code 1 (SEGV_MAPERR), fault addr 0x00007f446626cbe0
09-22 22:58:16.390 11871 11871 F DEBUG   :     rax 0000000000000000  rbx 00007f47320f089c  rcx 0000000000000001  rdx 0000000000000002
09-22 22:58:16.390 11871 11871 F DEBUG   :     r8  0000000000000020  r9  0000000000020002  r10 0000000000000001  r11 0000000000000206
09-22 22:58:16.390 11871 11871 F DEBUG   :     r12 0000000000001000  r13 00000000000005b7  r14 00007f446626cbe0  r15 0000000000008928
09-22 22:58:16.390 11871 11871 F DEBUG   :     rdi 00007f4466632ee8  rsi 0000000000001000
09-22 22:58:16.390 11871 11871 F DEBUG   :     rbp 00007ffcf6671c60  rsp 00007ffcf6671bf8  rip 00007f446626cbe0
09-22 22:58:16.390 11871 11871 F DEBUG   : 4 total frames
09-22 22:58:16.390 11871 11871 F DEBUG   : backtrace:
09-22 22:58:16.390 11871 11871 F DEBUG   :       #00 pc 00007f446626cbe0  <unknown>
09-22 22:58:16.390 11871 11871 F DEBUG   :       #01 pc 000000000005846f  /apex/com.android.runtime/lib64/bionic/libc.so (__cxa_finalize+287) (BuildId: 52bc34193ef6f6311bbb44f2305d1b1d)
09-22 22:58:16.390 11871 11871 F DEBUG   :       #02 pc 000000000005c83f  /apex/com.android.runtime/lib64/bionic/libc.so (exit+31) (BuildId: 52bc34193ef6f6311bbb44f2305d1b1d)
09-22 22:58:16.390 11871 11871 F DEBUG   :       #03 pc 00000000000520dc  /apex/com.android.runtime/lib64/bionic/libc.so (__libc_init+124) (BuildId: 52bc34193ef6f6311bbb44f2305d1b1d)
09-22 22:58:23.588 11902 11902 F libc    : Fatal signal 11 (SIGSEGV), code 1 (SEGV_MAPERR), fault addr 0x7e7da4d01be0 in tid 11902 (Shutdown thread), pid 11902 (Shutdown thread)
09-22 22:58:23.614 11920 11920 F DEBUG   : *** *** *** *** *** *** *** *** *** *** *** *** *** *** *** ***
09-22 22:58:23.614 11920 11920 F DEBUG   : Build fingerprint: 'Samsung/r9q/r9q:15/V417IR/972:user/release-keys'
09-22 22:58:23.614 11920 11920 F DEBUG   : Revision: '0'
09-22 22:58:23.614 11920 11920 F DEBUG   : ABI: 'x86_64'
09-22 22:58:23.614 11920 11920 F DEBUG   : Timestamp: 2026-09-22 22:58:23.596349997+0800
09-22 22:58:23.614 11920 11920 F DEBUG   : Process uptime: 3s
09-22 22:58:23.614 11920 11920 F DEBUG   : Cmdline: uiautomator
09-22 22:58:23.614 11920 11920 F DEBUG   : pid: 11902, tid: 11902, name: Shutdown thread  >>> uiautomator <<<
09-22 22:58:23.614 11920 11920 F DEBUG   : uid: 2000
09-22 22:58:23.614 11920 11920 F DEBUG   : signal 11 (SIGSEGV), code 1 (SEGV_MAPERR), fault addr 0x00007e7da4d01be0
09-22 22:58:23.614 11920 11920 F DEBUG   :     rax 0000000000000000  rbx 00007e807bbf489c  rcx 0000000000000001  rdx 0000000000000002
09-22 22:58:23.614 11920 11920 F DEBUG   :     r8  0000000000000020  r9  0000000000020002  r10 0000000000000001  r11 0000000000000206
09-22 22:58:23.614 11920 11920 F DEBUG   :     r12 0000000000001000  r13 00000000000005b7  r14 00007e7da4d01be0  r15 0000000000008928
09-22 22:58:23.614 11920 11920 F DEBUG   :     rdi 00007e7da50c7ee8  rsi 0000000000001000
09-22 22:58:23.614 11920 11920 F DEBUG   :     rbp 00007ffec06a5150  rsp 00007ffec06a50e8  rip 00007e7da4d01be0
09-22 22:58:23.614 11920 11920 F DEBUG   : 4 total frames
09-22 22:58:23.614 11920 11920 F DEBUG   : backtrace:
09-22 22:58:23.614 11920 11920 F DEBUG   :       #00 pc 00007e7da4d01be0  <unknown>
09-22 22:58:23.614 11920 11920 F DEBUG   :       #01 pc 000000000005846f  /apex/com.android.runtime/lib64/bionic/libc.so (__cxa_finalize+287) (BuildId: 52bc34193ef6f6311bbb44f2305d1b1d)
09-22 22:58:23.614 11920 11920 F DEBUG   :       #02 pc 000000000005c83f  /apex/com.android.runtime/lib64/bionic/libc.so (exit+31) (BuildId: 52bc34193ef6f6311bbb44f2305d1b1d)
09-22 22:58:23.614 11920 11920 F DEBUG   :       #03 pc 00000000000520dc  /apex/com.android.runtime/lib64/bionic/libc.so (__libc_init+124) (BuildId: 52bc34193ef6f6311bbb44f2305d1b1d)
09-22 22:58:34.838 12234 12234 F libc    : Fatal signal 11 (SIGSEGV), code 1 (SEGV_MAPERR), fault addr 0x7ad2070e6be0 in tid 12234 (Shutdown thread), pid 12234 (Shutdown thread)
09-22 22:58:34.874 12552 12552 F DEBUG   : *** *** *** *** *** *** *** *** *** *** *** *** *** *** *** ***
09-22 22:58:34.874 12552 12552 F DEBUG   : Build fingerprint: 'Samsung/r9q/r9q:15/V417IR/972:user/release-keys'
09-22 22:58:34.874 12552 12552 F DEBUG   : Revision: '0'
09-22 22:58:34.874 12552 12552 F DEBUG   : ABI: 'x86_64'
09-22 22:58:34.874 12552 12552 F DEBUG   : Timestamp: 2026-09-22 22:58:34.847061295+0800
09-22 22:58:34.874 12552 12552 F DEBUG   : Process uptime: 5s
09-22 22:58:34.874 12552 12552 F DEBUG   : Cmdline: uiautomator
09-22 22:58:34.874 12552 12552 F DEBUG   : pid: 12234, tid: 12234, name: Shutdown thread  >>> uiautomator <<<
09-22 22:58:34.874 12552 12552 F DEBUG   : uid: 2000
09-22 22:58:34.874 12552 12552 F DEBUG   : signal 11 (SIGSEGV), code 1 (SEGV_MAPERR), fault addr 0x00007ad2070e6be0
09-22 22:58:34.874 12552 12552 F DEBUG   :     rax 0000000000000000  rbx 00007ad4def7e89c  rcx 0000000000000001  rdx 0000000000000002
09-22 22:58:34.875 12552 12552 F DEBUG   :     r8  00007ad4def75fa4  r9  00000000000032b5  r10 0000000000000000  r11 0000000000000206
09-22 22:58:34.875 12552 12552 F DEBUG   :     r12 0000000000001000  r13 00000000000005b7  r14 00007ad2070e6be0  r15 0000000000008928
09-22 22:58:34.875 12552 12552 F DEBUG   :     rdi 00007ad2074acee8  rsi 0000000000001000
09-22 22:58:34.875 12552 12552 F DEBUG   :     rbp 00007ffedd0fc8a0  rsp 00007ffedd0fc838  rip 00007ad2070e6be0
09-22 22:58:34.875 12552 12552 F DEBUG   : 4 total frames
09-22 22:58:34.875 12552 12552 F DEBUG   : backtrace:
09-22 22:58:34.875 12552 12552 F DEBUG   :       #00 pc 00007ad2070e6be0  <unknown>
09-22 22:58:34.875 12552 12552 F DEBUG   :       #01 pc 000000000005846f  /apex/com.android.runtime/lib64/bionic/libc.so (__cxa_finalize+287) (BuildId: 52bc34193ef6f6311bbb44f2305d1b1d)
09-22 22:58:34.875 12552 12552 F DEBUG   :       #02 pc 000000000005c83f  /apex/com.android.runtime/lib64/bionic/libc.so (exit+31) (BuildId: 52bc34193ef6f6311bbb44f2305d1b1d)
09-22 22:58:34.875 12552 12552 F DEBUG   :       #03 pc 00000000000520dc  /apex/com.android.runtime/lib64/bionic/libc.so (__libc_init+124) (BuildId: 52bc34193ef6f6311bbb44f2305d1b1d)
09-22 22:58:53.845 13491 13491 F libc    : Fatal signal 11 (SIGSEGV), code 1 (SEGV_MAPERR), fault addr 0x730f24689be0 in tid 13491 (Shutdown thread), pid 13491 (Shutdown thread)
09-22 22:58:53.896 13629 13629 F DEBUG   : *** *** *** *** *** *** *** *** *** *** *** *** *** *** *** ***
09-22 22:58:53.896 13629 13629 F DEBUG   : Build fingerprint: 'Samsung/r9q/r9q:15/V417IR/972:user/release-keys'
09-22 22:58:53.896 13629 13629 F DEBUG   : Revision: '0'
09-22 22:58:53.896 13629 13629 F DEBUG   : ABI: 'x86_64'
09-22 22:58:53.896 13629 13629 F DEBUG   : Timestamp: 2026-09-22 22:58:53.852691781+0800
09-22 22:58:53.896 13629 13629 F DEBUG   : Process uptime: 4s
09-22 22:58:53.896 13629 13629 F DEBUG   : Cmdline: uiautomator
09-22 22:58:53.896 13629 13629 F DEBUG   : pid: 13491, tid: 13491, name: Shutdown thread  >>> uiautomator <<<
09-22 22:58:53.896 13629 13629 F DEBUG   : uid: 2000
09-22 22:58:53.896 13629 13629 F DEBUG   : signal 11 (SIGSEGV), code 1 (SEGV_MAPERR), fault addr 0x0000730f24689be0
09-22 22:58:53.896 13629 13629 F DEBUG   :     rax 0000000000000000  rbx 00007311f030b89c  rcx 0000000000000001  rdx 0000000000000002
09-22 22:58:53.896 13629 13629 F DEBUG   :     r8  0000000000000020  r9  0000000000020002  r10 0000000000000001  r11 0000000000000206
09-22 22:58:53.896 13629 13629 F DEBUG   :     r12 0000000000001000  r13 00000000000005b7  r14 0000730f24689be0  r15 0000000000008928
09-22 22:58:53.896 13629 13629 F DEBUG   :     rdi 0000730f24a4fee8  rsi 0000000000001000
09-22 22:58:53.897 13629 13629 F DEBUG   :     rbp 00007ffc764ed280  rsp 00007ffc764ed218  rip 0000730f24689be0
09-22 22:58:53.897 13629 13629 F DEBUG   : 4 total frames
09-22 22:58:53.897 13629 13629 F DEBUG   : backtrace:
09-22 22:58:53.897 13629 13629 F DEBUG   :       #00 pc 0000730f24689be0  <unknown>
09-22 22:58:53.897 13629 13629 F DEBUG   :       #01 pc 000000000005846f  /apex/com.android.runtime/lib64/bionic/libc.so (__cxa_finalize+287) (BuildId: 52bc34193ef6f6311bbb44f2305d1b1d)
09-22 22:58:53.897 13629 13629 F DEBUG   :       #02 pc 000000000005c83f  /apex/com.android.runtime/lib64/bionic/libc.so (exit+31) (BuildId: 52bc34193ef6f6311bbb44f2305d1b1d)
09-22 22:58:53.897 13629 13629 F DEBUG   :       #03 pc 00000000000520dc  /apex/com.android.runtime/lib64/bionic/libc.so (__libc_init+124) (BuildId: 52bc34193ef6f6311bbb44f2305d1b1d)
09-22 22:59:32.864 15012 15012 F libc    : Fatal signal 11 (SIGSEGV), code 1 (SEGV_MAPERR), fault addr 0x76b7698bebe0 in tid 15012 (Shutdown thread), pid 15012 (Shutdown thread)
09-22 22:59:32.910 15029 15029 F DEBUG   : *** *** *** *** *** *** *** *** *** *** *** *** *** *** *** ***
09-22 22:59:32.910 15029 15029 F DEBUG   : Build fingerprint: 'Samsung/r9q/r9q:15/V417IR/972:user/release-keys'
09-22 22:59:32.910 15029 15029 F DEBUG   : Revision: '0'
09-22 22:59:32.910 15029 15029 F DEBUG   : ABI: 'x86_64'
09-22 22:59:32.910 15029 15029 F DEBUG   : Timestamp: 2026-09-22 22:59:32.874175611+0800
09-22 22:59:32.910 15029 15029 F DEBUG   : Process uptime: 4s
09-22 22:59:32.910 15029 15029 F DEBUG   : Cmdline: uiautomator
09-22 22:59:32.910 15029 15029 F DEBUG   : pid: 15012, tid: 15012, name: Shutdown thread  >>> uiautomator <<<
09-22 22:59:32.910 15029 15029 F DEBUG   : uid: 2000
09-22 22:59:32.910 15029 15029 F DEBUG   : signal 11 (SIGSEGV), code 1 (SEGV_MAPERR), fault addr 0x000076b7698bebe0
09-22 22:59:32.910 15029 15029 F DEBUG   :     rax 0000000000000000  rbx 000076ba53af689c  rcx 0000000000000001  rdx 0000000000000002
09-22 22:59:32.910 15029 15029 F DEBUG   :     r8  0000000000000020  r9  0000000000020002  r10 0000000000000001  r11 0000000000000206
09-22 22:59:32.910 15029 15029 F DEBUG   :     r12 0000000000001000  r13 00000000000005b7  r14 000076b7698bebe0  r15 0000000000008928
09-22 22:59:32.910 15029 15029 F DEBUG   :     rdi 000076b769c84ee8  rsi 0000000000001000
09-22 22:59:32.910 15029 15029 F DEBUG   :     rbp 00007fff42d18f10  rsp 00007fff42d18ea8  rip 000076b7698bebe0
09-22 22:59:32.910 15029 15029 F DEBUG   : 4 total frames
09-22 22:59:32.910 15029 15029 F DEBUG   : backtrace:
09-22 22:59:32.910 15029 15029 F DEBUG   :       #00 pc 000076b7698bebe0  <unknown>
09-22 22:59:32.910 15029 15029 F DEBUG   :       #01 pc 000000000005846f  /apex/com.android.runtime/lib64/bionic/libc.so (__cxa_finalize+287) (BuildId: 52bc34193ef6f6311bbb44f2305d1b1d)
09-22 22:59:32.910 15029 15029 F DEBUG   :       #02 pc 000000000005c83f  /apex/com.android.runtime/lib64/bionic/libc.so (exit+31) (BuildId: 52bc34193ef6f6311bbb44f2305d1b1d)
09-22 22:59:32.910 15029 15029 F DEBUG   :       #03 pc 00000000000520dc  /apex/com.android.runtime/lib64/bionic/libc.so (__libc_init+124) (BuildId: 52bc34193ef6f6311bbb44f2305d1b1d)
09-22 23:01:11.645 15057 15057 F libc    : Fatal signal 11 (SIGSEGV), code 1 (SEGV_MAPERR), fault addr 0x7a4e45660be0 in tid 15057 (Shutdown thread), pid 15057 (Shutdown thread)
09-22 23:01:11.670 15073 15073 F DEBUG   : *** *** *** *** *** *** *** *** *** *** *** *** *** *** *** ***
09-22 23:01:11.670 15073 15073 F DEBUG   : Build fingerprint: 'Samsung/r9q/r9q:15/V417IR/972:user/release-keys'
09-22 23:01:11.670 15073 15073 F DEBUG   : Revision: '0'
09-22 23:01:11.670 15073 15073 F DEBUG   : ABI: 'x86_64'
09-22 23:01:11.670 15073 15073 F DEBUG   : Timestamp: 2026-09-22 23:01:11.652522834+0800
09-22 23:01:11.670 15073 15073 F DEBUG   : Process uptime: 3s
09-22 23:01:11.670 15073 15073 F DEBUG   : Cmdline: uiautomator
09-22 23:01:11.670 15073 15073 F DEBUG   : pid: 15057, tid: 15057, name: Shutdown thread  >>> uiautomator <<<
09-22 23:01:11.670 15073 15073 F DEBUG   : uid: 2000
09-22 23:01:11.670 15073 15073 F DEBUG   : signal 11 (SIGSEGV), code 1 (SEGV_MAPERR), fault addr 0x00007a4e45660be0
09-22 23:01:11.670 15073 15073 F DEBUG   :     rax 0000000000000000  rbx 00007a510c9d889c  rcx 0000000000000001  rdx 0000000000000002
09-22 23:01:11.670 15073 15073 F DEBUG   :     r8  0000000000000020  r9  0000000000020002  r10 0000000000000001  r11 0000000000000206
09-22 23:01:11.670 15073 15073 F DEBUG   :     r12 0000000000001000  r13 00000000000005b7  r14 00007a4e45660be0  r15 0000000000008928
09-22 23:01:11.670 15073 15073 F DEBUG   :     rdi 00007a4e45a26ee8  rsi 0000000000001000
09-22 23:01:11.670 15073 15073 F DEBUG   :     rbp 00007ffd18997c20  rsp 00007ffd18997bb8  rip 00007a4e45660be0
09-22 23:01:11.670 15073 15073 F DEBUG   : 4 total frames
09-22 23:01:11.670 15073 15073 F DEBUG   : backtrace:
09-22 23:01:11.670 15073 15073 F DEBUG   :       #00 pc 00007a4e45660be0  <unknown>
09-22 23:01:11.670 15073 15073 F DEBUG   :       #01 pc 000000000005846f  /apex/com.android.runtime/lib64/bionic/libc.so (__cxa_finalize+287) (BuildId: 52bc34193ef6f6311bbb44f2305d1b1d)
09-22 23:01:11.670 15073 15073 F DEBUG   :       #02 pc 000000000005c83f  /apex/com.android.runtime/lib64/bionic/libc.so (exit+31) (BuildId: 52bc34193ef6f6311bbb44f2305d1b1d)
09-22 23:01:11.670 15073 15073 F DEBUG   :       #03 pc 00000000000520dc  /apex/com.android.runtime/lib64/bionic/libc.so (__libc_init+124) (BuildId: 52bc34193ef6f6311bbb44f2305d1b1d)
09-22 23:01:28.011 15100 15100 F libc    : Fatal signal 11 (SIGSEGV), code 1 (SEGV_MAPERR), fault addr 0x742d8e124be0 in tid 15100 (Shutdown thread), pid 15100 (Shutdown thread)
09-22 23:01:28.038 15117 15117 F DEBUG   : *** *** *** *** *** *** *** *** *** *** *** *** *** *** *** ***
09-22 23:01:28.038 15117 15117 F DEBUG   : Build fingerprint: 'Samsung/r9q/r9q:15/V417IR/972:user/release-keys'
09-22 23:01:28.038 15117 15117 F DEBUG   : Revision: '0'
09-22 23:01:28.038 15117 15117 F DEBUG   : ABI: 'x86_64'
09-22 23:01:28.038 15117 15117 F DEBUG   : Timestamp: 2026-09-22 23:01:28.021956388+0800
09-22 23:01:28.038 15117 15117 F DEBUG   : Process uptime: 3s
09-22 23:01:28.038 15117 15117 F DEBUG   : Cmdline: uiautomator
09-22 23:01:28.038 15117 15117 F DEBUG   : pid: 15100, tid: 15100, name: Shutdown thread  >>> uiautomator <<<
09-22 23:01:28.038 15117 15117 F DEBUG   : uid: 2000
09-22 23:01:28.038 15117 15117 F DEBUG   : signal 11 (SIGSEGV), code 1 (SEGV_MAPERR), fault addr 0x0000742d8e124be0
09-22 23:01:28.038 15117 15117 F DEBUG   :     rax 0000000000000000  rbx 0000743074ef389c  rcx 0000000000000001  rdx 0000000000000002
09-22 23:01:28.038 15117 15117 F DEBUG   :     r8  0000743074eeafa4  r9  00000000000032eb  r10 0000000000000000  r11 0000000000000206
09-22 23:01:28.038 15117 15117 F DEBUG   :     r12 0000000000001000  r13 00000000000005b7  r14 0000742d8e124be0  r15 0000000000008928
09-22 23:01:28.038 15117 15117 F DEBUG   :     rdi 0000742d8e4eaee8  rsi 0000000000001000
09-22 23:01:28.038 15117 15117 F DEBUG   :     rbp 00007ffdd2c4df70  rsp 00007ffdd2c4df08  rip 0000742d8e124be0
09-22 23:01:28.038 15117 15117 F DEBUG   : 4 total frames
09-22 23:01:28.038 15117 15117 F DEBUG   : backtrace:
09-22 23:01:28.038 15117 15117 F DEBUG   :       #00 pc 0000742d8e124be0  <unknown>
09-22 23:01:28.038 15117 15117 F DEBUG   :       #01 pc 000000000005846f  /apex/com.android.runtime/lib64/bionic/libc.so (__cxa_finalize+287) (BuildId: 52bc34193ef6f6311bbb44f2305d1b1d)
09-22 23:01:28.038 15117 15117 F DEBUG   :       #02 pc 000000000005c83f  /apex/com.android.runtime/lib64/bionic/libc.so (exit+31) (BuildId: 52bc34193ef6f6311bbb44f2305d1b1d)
09-22 23:01:28.038 15117 15117 F DEBUG   :       #03 pc 00000000000520dc  /apex/com.android.runtime/lib64/bionic/libc.so (__libc_init+124) (BuildId: 52bc34193ef6f6311bbb44f2305d1b1d)
09-22 23:01:48.981 15189 15189 F libc    : Fatal signal 11 (SIGSEGV), code 1 (SEGV_MAPERR), fault addr 0x7b74df6cfbe0 in tid 15189 (Shutdown thread), pid 15189 (Shutdown thread)
09-22 23:01:49.010 15207 15207 F DEBUG   : *** *** *** *** *** *** *** *** *** *** *** *** *** *** *** ***
09-22 23:01:49.010 15207 15207 F DEBUG   : Build fingerprint: 'Samsung/r9q/r9q:15/V417IR/972:user/release-keys'
09-22 23:01:49.010 15207 15207 F DEBUG   : Revision: '0'
09-22 23:01:49.010 15207 15207 F DEBUG   : ABI: 'x86_64'
09-22 23:01:49.010 15207 15207 F DEBUG   : Timestamp: 2026-09-22 23:01:48.988983803+0800
09-22 23:01:49.010 15207 15207 F DEBUG   : Process uptime: 3s
09-22 23:01:49.010 15207 15207 F DEBUG   : Cmdline: uiautomator
09-22 23:01:49.010 15207 15207 F DEBUG   : pid: 15189, tid: 15189, name: Shutdown thread  >>> uiautomator <<<
09-22 23:01:49.010 15207 15207 F DEBUG   : uid: 2000
09-22 23:01:49.010 15207 15207 F DEBUG   : signal 11 (SIGSEGV), code 1 (SEGV_MAPERR), fault addr 0x00007b74df6cfbe0
09-22 23:01:49.010 15207 15207 F DEBUG   :     rax 0000000000000000  rbx 00007b77d593089c  rcx 0000000000000001  rdx 0000000000000002
09-22 23:01:49.010 15207 15207 F DEBUG   :     r8  0000000000000020  r9  0000000000020002  r10 0000000000000001  r11 0000000000000206
09-22 23:01:49.010 15207 15207 F DEBUG   :     r12 0000000000001000  r13 00000000000005b7  r14 00007b74df6cfbe0  r15 0000000000008928
09-22 23:01:49.010 15207 15207 F DEBUG   :     rdi 00007b74dfa95ee8  rsi 0000000000001000
09-22 23:01:49.010 15207 15207 F DEBUG   :     rbp 00007ffc2fe39a00  rsp 00007ffc2fe39998  rip 00007b74df6cfbe0
09-22 23:01:49.010 15207 15207 F DEBUG   : 4 total frames
09-22 23:01:49.010 15207 15207 F DEBUG   : backtrace:
09-22 23:01:49.010 15207 15207 F DEBUG   :       #00 pc 00007b74df6cfbe0  <unknown>
09-22 23:01:49.010 15207 15207 F DEBUG   :       #01 pc 000000000005846f  /apex/com.android.runtime/lib64/bionic/libc.so (__cxa_finalize+287) (BuildId: 52bc34193ef6f6311bbb44f2305d1b1d)
09-22 23:01:49.010 15207 15207 F DEBUG   :       #02 pc 000000000005c83f  /apex/com.android.runtime/lib64/bionic/libc.so (exit+31) (BuildId: 52bc34193ef6f6311bbb44f2305d1b1d)
09-22 23:01:49.010 15207 15207 F DEBUG   :       #03 pc 00000000000520dc  /apex/com.android.runtime/lib64/bionic/libc.so (__libc_init+124) (BuildId: 52bc34193ef6f6311bbb44f2305d1b1d)
09-22 23:02:09.169 15255 15255 F libc    : Fatal signal 11 (SIGSEGV), code 1 (SEGV_MAPERR), fault addr 0x7eba33308be0 in tid 15255 (Shutdown thread), pid 15255 (Shutdown thread)
09-22 23:02:09.199 15272 15272 F DEBUG   : *** *** *** *** *** *** *** *** *** *** *** *** *** *** *** ***
09-22 23:02:09.199 15272 15272 F DEBUG   : Build fingerprint: 'Samsung/r9q/r9q:15/V417IR/972:user/release-keys'
09-22 23:02:09.199 15272 15272 F DEBUG   : Revision: '0'
09-22 23:02:09.199 15272 15272 F DEBUG   : ABI: 'x86_64'
09-22 23:02:09.199 15272 15272 F DEBUG   : Timestamp: 2026-09-22 23:02:09.180352413+0800
09-22 23:02:09.199 15272 15272 F DEBUG   : Process uptime: 3s
09-22 23:02:09.199 15272 15272 F DEBUG   : Cmdline: uiautomator
09-22 23:02:09.199 15272 15272 F DEBUG   : pid: 15255, tid: 15255, name: Shutdown thread  >>> uiautomator <<<
09-22 23:02:09.199 15272 15272 F DEBUG   : uid: 2000
09-22 23:02:09.199 15272 15272 F DEBUG   : signal 11 (SIGSEGV), code 1 (SEGV_MAPERR), fault addr 0x00007eba33308be0
09-22 23:02:09.199 15272 15272 F DEBUG   :     rax 0000000000000000  rbx 00007ebd298f589c  rcx 0000000000000001  rdx 0000000000000002
09-22 23:02:09.199 15272 15272 F DEBUG   :     r8  0000000000000020  r9  0000000000020002  r10 0000000000000001  r11 0000000000000206
09-22 23:02:09.199 15272 15272 F DEBUG   :     r12 0000000000001000  r13 00000000000005b7  r14 00007eba33308be0  r15 0000000000008928
09-22 23:02:09.199 15272 15272 F DEBUG   :     rdi 00007eba336ceee8  rsi 0000000000001000
09-22 23:02:09.199 15272 15272 F DEBUG   :     rbp 00007ffe1c88c820  rsp 00007ffe1c88c7b8  rip 00007eba33308be0
09-22 23:02:09.199 15272 15272 F DEBUG   : 4 total frames
09-22 23:02:09.199 15272 15272 F DEBUG   : backtrace:
09-22 23:02:09.199 15272 15272 F DEBUG   :       #00 pc 00007eba33308be0  <unknown>
09-22 23:02:09.199 15272 15272 F DEBUG   :       #01 pc 000000000005846f  /apex/com.android.runtime/lib64/bionic/libc.so (__cxa_finalize+287) (BuildId: 52bc34193ef6f6311bbb44f2305d1b1d)
09-22 23:02:09.199 15272 15272 F DEBUG   :       #02 pc 000000000005c83f  /apex/com.android.runtime/lib64/bionic/libc.so (exit+31) (BuildId: 52bc34193ef6f6311bbb44f2305d1b1d)
09-22 23:02:09.199 15272 15272 F DEBUG   :       #03 pc 00000000000520dc  /apex/com.android.runtime/lib64/bionic/libc.so (__libc_init+124) (BuildId: 52bc34193ef6f6311bbb44f2305d1b1d)
09-22 23:02:31.268 15325 15325 F libc    : Fatal signal 11 (SIGSEGV), code 2 (SEGV_ACCERR), fault addr 0x7bc610e9abe0 in tid 15325 (Shutdown thread), pid 15325 (Shutdown thread)
09-22 23:02:31.333 15342 15342 F DEBUG   : *** *** *** *** *** *** *** *** *** *** *** *** *** *** *** ***
09-22 23:02:31.333 15342 15342 F DEBUG   : Build fingerprint: 'Samsung/r9q/r9q:15/V417IR/972:user/release-keys'
09-22 23:02:31.333 15342 15342 F DEBUG   : Revision: '0'
09-22 23:02:31.333 15342 15342 F DEBUG   : ABI: 'x86_64'
09-22 23:02:31.333 15342 15342 F DEBUG   : Timestamp: 2026-09-22 23:02:31.288122032+0800
09-22 23:02:31.333 15342 15342 F DEBUG   : Process uptime: 3s
09-22 23:02:31.333 15342 15342 F DEBUG   : Cmdline: uiautomator
09-22 23:02:31.333 15342 15342 F DEBUG   : pid: 15325, tid: 15325, name: Shutdown thread  >>> uiautomator <<<
09-22 23:02:31.333 15342 15342 F DEBUG   : uid: 2000
09-22 23:02:31.333 15342 15342 F DEBUG   : signal 11 (SIGSEGV), code 2 (SEGV_ACCERR), fault addr 0x00007bc610e9abe0
09-22 23:02:31.333 15342 15342 F DEBUG   : Cause: trying to execute non-executable memory.
09-22 23:02:31.333 15342 15342 F DEBUG   :     rax 0000000000000000  rbx 00007bc9016f189c  rcx 0000000000000001  rdx 0000000000000002
09-22 23:02:31.333 15342 15342 F DEBUG   :     r8  0000000000000020  r9  0000000000020002  r10 0000000000000001  r11 0000000000000206
09-22 23:02:31.333 15342 15342 F DEBUG   :     r12 0000000000001000  r13 00000000000005b7  r14 00007bc610e9abe0  r15 0000000000008928
09-22 23:02:31.333 15342 15342 F DEBUG   :     rdi 00007bc611260ee8  rsi 0000000000001000
09-22 23:02:31.333 15342 15342 F DEBUG   :     rbp 00007ffef8bda6a0  rsp 00007ffef8bda638  rip 00007bc610e9abe0
09-22 23:02:31.333 15342 15342 F DEBUG   : 4 total frames
09-22 23:02:31.333 15342 15342 F DEBUG   : backtrace:
09-22 23:02:31.333 15342 15342 F DEBUG   :       #00 pc 0000000000c9abe0  <anonymous:7bc610200000>
09-22 23:02:31.333 15342 15342 F DEBUG   :       #01 pc 000000000005846f  /apex/com.android.runtime/lib64/bionic/libc.so (__cxa_finalize+287) (BuildId: 52bc34193ef6f6311bbb44f2305d1b1d)
09-22 23:02:31.333 15342 15342 F DEBUG   :       #02 pc 000000000005c83f  /apex/com.android.runtime/lib64/bionic/libc.so (exit+31) (BuildId: 52bc34193ef6f6311bbb44f2305d1b1d)
09-22 23:02:31.333 15342 15342 F DEBUG   :       #03 pc 00000000000520dc  /apex/com.android.runtime/lib64/bionic/libc.so (__libc_init+124) (BuildId: 52bc34193ef6f6311bbb44f2305d1b1d)
09-22 23:03:24.591 15395 15395 F libc    : Fatal signal 11 (SIGSEGV), code 1 (SEGV_MAPERR), fault addr 0x73eca3ce3be0 in tid 15395 (Shutdown thread), pid 15395 (Shutdown thread)
09-22 23:03:24.628 15412 15412 F DEBUG   : *** *** *** *** *** *** *** *** *** *** *** *** *** *** *** ***
09-22 23:03:24.628 15412 15412 F DEBUG   : Build fingerprint: 'Samsung/r9q/r9q:15/V417IR/972:user/release-keys'
09-22 23:03:24.628 15412 15412 F DEBUG   : Revision: '0'
09-22 23:03:24.628 15412 15412 F DEBUG   : ABI: 'x86_64'
09-22 23:03:24.628 15412 15412 F DEBUG   : Timestamp: 2026-09-22 23:03:24.600501367+0800
09-22 23:03:24.628 15412 15412 F DEBUG   : Process uptime: 3s
09-22 23:03:24.628 15412 15412 F DEBUG   : Cmdline: uiautomator
09-22 23:03:24.628 15412 15412 F DEBUG   : pid: 15395, tid: 15395, name: Shutdown thread  >>> uiautomator <<<
09-22 23:03:24.628 15412 15412 F DEBUG   : uid: 2000
09-22 23:03:24.628 15412 15412 F DEBUG   : signal 11 (SIGSEGV), code 1 (SEGV_MAPERR), fault addr 0x000073eca3ce3be0
09-22 23:03:24.628 15412 15412 F DEBUG   :     rax 0000000000000000  rbx 000073ef9f70a89c  rcx 0000000000000001  rdx 0000000000000002
09-22 23:03:24.628 15412 15412 F DEBUG   :     r8  0000000000000020  r9  0000000000020002  r10 0000000000000001  r11 0000000000000206
09-22 23:03:24.628 15412 15412 F DEBUG   :     r12 0000000000001000  r13 00000000000005b7  r14 000073eca3ce3be0  r15 0000000000008928
09-22 23:03:24.628 15412 15412 F DEBUG   :     rdi 000073eca40a9ee8  rsi 0000000000001000
09-22 23:03:24.628 15412 15412 F DEBUG   :     rbp 00007ffff661fa60  rsp 00007ffff661f9f8  rip 000073eca3ce3be0
09-22 23:03:24.628 15412 15412 F DEBUG   : 4 total frames
09-22 23:03:24.628 15412 15412 F DEBUG   : backtrace:
09-22 23:03:24.628 15412 15412 F DEBUG   :       #00 pc 000073eca3ce3be0  <unknown>
09-22 23:03:24.628 15412 15412 F DEBUG   :       #01 pc 000000000005846f  /apex/com.android.runtime/lib64/bionic/libc.so (__cxa_finalize+287) (BuildId: 52bc34193ef6f6311bbb44f2305d1b1d)
09-22 23:03:24.628 15412 15412 F DEBUG   :       #02 pc 000000000005c83f  /apex/com.android.runtime/lib64/bionic/libc.so (exit+31) (BuildId: 52bc34193ef6f6311bbb44f2305d1b1d)
09-22 23:03:24.628 15412 15412 F DEBUG   :       #03 pc 00000000000520dc  /apex/com.android.runtime/lib64/bionic/libc.so (__libc_init+124) (BuildId: 52bc34193ef6f6311bbb44f2305d1b1d)
09-22 23:04:11.234 15905 15905 F libc    : Fatal signal 11 (SIGSEGV), code 1 (SEGV_MAPERR), fault addr 0x74cc734ccbe0 in tid 15905 (Shutdown thread), pid 15905 (Shutdown thread)
09-22 23:04:11.269 16683 16683 F DEBUG   : *** *** *** *** *** *** *** *** *** *** *** *** *** *** *** ***
09-22 23:04:11.269 16683 16683 F DEBUG   : Build fingerprint: 'Samsung/r9q/r9q:15/V417IR/972:user/release-keys'
09-22 23:04:11.269 16683 16683 F DEBUG   : Revision: '0'
09-22 23:04:11.269 16683 16683 F DEBUG   : ABI: 'x86_64'
09-22 23:04:11.269 16683 16683 F DEBUG   : Timestamp: 2026-09-22 23:04:11.242875466+0800
09-22 23:04:11.269 16683 16683 F DEBUG   : Process uptime: 12s
09-22 23:04:11.269 16683 16683 F DEBUG   : Cmdline: uiautomator
09-22 23:04:11.269 16683 16683 F DEBUG   : pid: 15905, tid: 15905, name: Shutdown thread  >>> uiautomator <<<
09-22 23:04:11.269 16683 16683 F DEBUG   : uid: 2000
09-22 23:04:11.269 16683 16683 F DEBUG   : signal 11 (SIGSEGV), code 1 (SEGV_MAPERR), fault addr 0x000074cc734ccbe0
09-22 23:04:11.269 16683 16683 F DEBUG   :     rax 0000000000000000  rbx 000074cf3a53089c  rcx 0000000000000001  rdx 0000000000000002
09-22 23:04:11.269 16683 16683 F DEBUG   :     r8  0000000000000020  r9  0000000000020002  r10 0000000000000001  r11 0000000000000206
09-22 23:04:11.269 16683 16683 F DEBUG   :     r12 0000000000001000  r13 00000000000005b7  r14 000074cc734ccbe0  r15 0000000000008928
09-22 23:04:11.269 16683 16683 F DEBUG   :     rdi 000074cc73892ee8  rsi 0000000000001000
09-22 23:04:11.269 16683 16683 F DEBUG   :     rbp 00007ffe07f1a980  rsp 00007ffe07f1a918  rip 000074cc734ccbe0
09-22 23:04:11.269 16683 16683 F DEBUG   : 4 total frames
09-22 23:04:11.269 16683 16683 F DEBUG   : backtrace:
09-22 23:04:11.269 16683 16683 F DEBUG   :       #00 pc 000074cc734ccbe0  <unknown>
09-22 23:04:11.269 16683 16683 F DEBUG   :       #01 pc 000000000005846f  /apex/com.android.runtime/lib64/bionic/libc.so (__cxa_finalize+287) (BuildId: 52bc34193ef6f6311bbb44f2305d1b1d)
09-22 23:04:11.269 16683 16683 F DEBUG   :       #02 pc 000000000005c83f  /apex/com.android.runtime/lib64/bionic/libc.so (exit+31) (BuildId: 52bc34193ef6f6311bbb44f2305d1b1d)
09-22 23:04:11.269 16683 16683 F DEBUG   :       #03 pc 00000000000520dc  /apex/com.android.runtime/lib64/bionic/libc.so (__libc_init+124) (BuildId: 52bc34193ef6f6311bbb44f2305d1b1d)
09-22 23:05:24.893 19054 19054 F libc    : Fatal signal 11 (SIGSEGV), code 1 (SEGV_MAPERR), fault addr 0x75ad47e69be0 in tid 19054 (Shutdown thread), pid 19054 (Shutdown thread)
09-22 23:05:24.945 19497 19497 F DEBUG   : *** *** *** *** *** *** *** *** *** *** *** *** *** *** *** ***
09-22 23:05:24.945 19497 19497 F DEBUG   : Build fingerprint: 'Samsung/r9q/r9q:15/V417IR/972:user/release-keys'
09-22 23:05:24.945 19497 19497 F DEBUG   : Revision: '0'
09-22 23:05:24.945 19497 19497 F DEBUG   : ABI: 'x86_64'
09-22 23:05:24.945 19497 19497 F DEBUG   : Timestamp: 2026-09-22 23:05:24.909261545+0800
09-22 23:05:24.945 19497 19497 F DEBUG   : Process uptime: 12s
09-22 23:05:24.945 19497 19497 F DEBUG   : Cmdline: uiautomator
09-22 23:05:24.945 19497 19497 F DEBUG   : pid: 19054, tid: 19054, name: Shutdown thread  >>> uiautomator <<<
09-22 23:05:24.945 19497 19497 F DEBUG   : uid: 2000
09-22 23:05:24.945 19497 19497 F DEBUG   : signal 11 (SIGSEGV), code 1 (SEGV_MAPERR), fault addr 0x000075ad47e69be0
09-22 23:05:24.945 19497 19497 F DEBUG   :     rax 0000000000000000  rbx 000075b03b57189c  rcx 0000000000000001  rdx 0000000000000002
09-22 23:05:24.945 19497 19497 F DEBUG   :     r8  0000000000000020  r9  0000000000020002  r10 0000000000000001  r11 0000000000000206
09-22 23:05:24.945 19497 19497 F DEBUG   :     r12 0000000000001000  r13 00000000000005b7  r14 000075ad47e69be0  r15 0000000000008928
09-22 23:05:24.945 19497 19497 F DEBUG   :     rdi 000075ad4822fee8  rsi 0000000000001000
09-22 23:05:24.945 19497 19497 F DEBUG   :     rbp 00007ffecaff1e60  rsp 00007ffecaff1df8  rip 000075ad47e69be0
09-22 23:05:24.945 19497 19497 F DEBUG   : 4 total frames
09-22 23:05:24.945 19497 19497 F DEBUG   : backtrace:
09-22 23:05:24.945 19497 19497 F DEBUG   :       #00 pc 000075ad47e69be0  <unknown>
09-22 23:05:24.945 19497 19497 F DEBUG   :       #01 pc 000000000005846f  /apex/com.android.runtime/lib64/bionic/libc.so (__cxa_finalize+287) (BuildId: 52bc34193ef6f6311bbb44f2305d1b1d)
09-22 23:05:24.945 19497 19497 F DEBUG   :       #02 pc 000000000005c83f  /apex/com.android.runtime/lib64/bionic/libc.so (exit+31) (BuildId: 52bc34193ef6f6311bbb44f2305d1b1d)
09-22 23:05:24.945 19497 19497 F DEBUG   :       #03 pc 00000000000520dc  /apex/com.android.runtime/lib64/bionic/libc.so (__libc_init+124) (BuildId: 52bc34193ef6f6311bbb44f2305d1b1d)
09-22 23:05:38.814 19813 19813 F libc    : Fatal signal 11 (SIGSEGV), code 1 (SEGV_MAPERR), fault addr 0x7ea774a62be0 in tid 19813 (Shutdown thread), pid 19813 (Shutdown thread)
09-22 23:05:38.871 19834 19834 F DEBUG   : *** *** *** *** *** *** *** *** *** *** *** *** *** *** *** ***
09-22 23:05:38.871 19834 19834 F DEBUG   : Build fingerprint: 'Samsung/r9q/r9q:15/V417IR/972:user/release-keys'
09-22 23:05:38.871 19834 19834 F DEBUG   : Revision: '0'
09-22 23:05:38.871 19834 19834 F DEBUG   : ABI: 'x86_64'
09-22 23:05:38.871 19834 19834 F DEBUG   : Timestamp: 2026-09-22 23:05:38.841552597+0800
09-22 23:05:38.871 19834 19834 F DEBUG   : Process uptime: 4s
09-22 23:05:38.871 19834 19834 F DEBUG   : Cmdline: uiautomator
09-22 23:05:38.871 19834 19834 F DEBUG   : pid: 19813, tid: 19813, name: Shutdown thread  >>> uiautomator <<<
09-22 23:05:38.871 19834 19834 F DEBUG   : uid: 2000
09-22 23:05:38.871 19834 19834 F DEBUG   : signal 11 (SIGSEGV), code 1 (SEGV_MAPERR), fault addr 0x00007ea774a62be0
09-22 23:05:38.871 19834 19834 F DEBUG   :     rax 0000000000000000  rbx 00007eaad055089c  rcx 0000000000000001  rdx 0000000000000002
09-22 23:05:38.871 19834 19834 F DEBUG   :     r8  00007eaad0547fa4  r9  00000000000032c4  r10 0000000000000000  r11 0000000000000206
09-22 23:05:38.871 19834 19834 F DEBUG   :     r12 0000000000001000  r13 00000000000005b7  r14 00007ea774a62be0  r15 0000000000008928
09-22 23:05:38.871 19834 19834 F DEBUG   :     rdi 00007ea774e28ee8  rsi 0000000000001000
09-22 23:05:38.871 19834 19834 F DEBUG   :     rbp 00007ffe1dd06bf0  rsp 00007ffe1dd06b88  rip 00007ea774a62be0
09-22 23:05:38.871 19834 19834 F DEBUG   : 4 total frames
09-22 23:05:38.871 19834 19834 F DEBUG   : backtrace:
09-22 23:05:38.871 19834 19834 F DEBUG   :       #00 pc 00007ea774a62be0  <unknown>
09-22 23:05:38.871 19834 19834 F DEBUG   :       #01 pc 000000000005846f  /apex/com.android.runtime/lib64/bionic/libc.so (__cxa_finalize+287) (BuildId: 52bc34193ef6f6311bbb44f2305d1b1d)
09-22 23:05:38.871 19834 19834 F DEBUG   :       #02 pc 000000000005c83f  /apex/com.android.runtime/lib64/bionic/libc.so (exit+31) (BuildId: 52bc34193ef6f6311bbb44f2305d1b1d)
09-22 23:05:38.871 19834 19834 F DEBUG   :       #03 pc 00000000000520dc  /apex/com.android.runtime/lib64/bionic/libc.so (__libc_init+124) (BuildId: 52bc34193ef6f6311bbb44f2305d1b1d)
09-22 23:06:57.405 19867 19867 F libc    : Fatal signal 11 (SIGSEGV), code 1 (SEGV_MAPERR), fault addr 0x75f8cfaaabe0 in tid 19867 (Shutdown thread), pid 19867 (Shutdown thread)
09-22 23:06:57.566 19885 19885 F DEBUG   : *** *** *** *** *** *** *** *** *** *** *** *** *** *** *** ***
09-22 23:06:57.566 19885 19885 F DEBUG   : Build fingerprint: 'Samsung/r9q/r9q:15/V417IR/972:user/release-keys'
09-22 23:06:57.566 19885 19885 F DEBUG   : Revision: '0'
09-22 23:06:57.566 19885 19885 F DEBUG   : ABI: 'x86_64'
09-22 23:06:57.566 19885 19885 F DEBUG   : Timestamp: 2026-09-22 23:06:57.449900286+0800
09-22 23:06:57.566 19885 19885 F DEBUG   : Process uptime: 4s
09-22 23:06:57.577 19885 19885 F DEBUG   : Cmdline: uiautomator
09-22 23:06:57.577 19885 19885 F DEBUG   : pid: 19867, tid: 19867, name: Shutdown thread  >>> uiautomator <<<
09-22 23:06:57.577 19885 19885 F DEBUG   : uid: 2000
09-22 23:06:57.577 19885 19885 F DEBUG   : signal 11 (SIGSEGV), code 1 (SEGV_MAPERR), fault addr 0x000075f8cfaaabe0
09-22 23:06:57.577 19885 19885 F DEBUG   :     rax 0000000000000000  rbx 000075fba135e89c  rcx 0000000000000001  rdx 0000000000000002
09-22 23:06:57.577 19885 19885 F DEBUG   :     r8  0000000000000020  r9  0000000000020002  r10 0000000000000001  r11 0000000000000206
09-22 23:06:57.577 19885 19885 F DEBUG   :     r12 0000000000001000  r13 00000000000005b7  r14 000075f8cfaaabe0  r15 0000000000008928
09-22 23:06:57.577 19885 19885 F DEBUG   :     rdi 000075f8cfe70ee8  rsi 0000000000001000
09-22 23:06:57.577 19885 19885 F DEBUG   :     rbp 00007fff7bdf7c50  rsp 00007fff7bdf7be8  rip 000075f8cfaaabe0
09-22 23:06:57.577 19885 19885 F DEBUG   : 4 total frames
09-22 23:06:57.577 19885 19885 F DEBUG   : backtrace:
09-22 23:06:57.577 19885 19885 F DEBUG   :       #00 pc 000075f8cfaaabe0  <unknown>
09-22 23:06:57.577 19885 19885 F DEBUG   :       #01 pc 000000000005846f  /apex/com.android.runtime/lib64/bionic/libc.so (__cxa_finalize+287) (BuildId: 52bc34193ef6f6311bbb44f2305d1b1d)
09-22 23:06:57.577 19885 19885 F DEBUG   :       #02 pc 000000000005c83f  /apex/com.android.runtime/lib64/bionic/libc.so (exit+31) (BuildId: 52bc34193ef6f6311bbb44f2305d1b1d)
09-22 23:06:57.577 19885 19885 F DEBUG   :       #03 pc 00000000000520dc  /apex/com.android.runtime/lib64/bionic/libc.so (__libc_init+124) (BuildId: 52bc34193ef6f6311bbb44f2305d1b1d)
09-22 23:07:32.157 19918 19918 F libc    : Fatal signal 11 (SIGSEGV), code 1 (SEGV_MAPERR), fault addr 0x77fee9065be0 in tid 19918 (Shutdown thread), pid 19918 (Shutdown thread)
09-22 23:07:32.216 19934 19934 F DEBUG   : *** *** *** *** *** *** *** *** *** *** *** *** *** *** *** ***
09-22 23:07:32.216 19934 19934 F DEBUG   : Build fingerprint: 'Samsung/r9q/r9q:15/V417IR/972:user/release-keys'
09-22 23:07:32.216 19934 19934 F DEBUG   : Revision: '0'
09-22 23:07:32.216 19934 19934 F DEBUG   : ABI: 'x86_64'
09-22 23:07:32.216 19934 19934 F DEBUG   : Timestamp: 2026-09-22 23:07:32.170509635+0800
09-22 23:07:32.216 19934 19934 F DEBUG   : Process uptime: 3s
09-22 23:07:32.216 19934 19934 F DEBUG   : Cmdline: uiautomator
09-22 23:07:32.216 19934 19934 F DEBUG   : pid: 19918, tid: 19918, name: Shutdown thread  >>> uiautomator <<<
09-22 23:07:32.216 19934 19934 F DEBUG   : uid: 2000
09-22 23:07:32.216 19934 19934 F DEBUG   : signal 11 (SIGSEGV), code 1 (SEGV_MAPERR), fault addr 0x000077fee9065be0
09-22 23:07:32.216 19934 19934 F DEBUG   :     rax 0000000000000000  rbx 00007801d1b2a89c  rcx 0000000000000001  rdx 0000000000000002
09-22 23:07:32.216 19934 19934 F DEBUG   :     r8  00007801d1b21fa4  r9  00000000000032b2  r10 0000000000000000  r11 0000000000000206
09-22 23:07:32.216 19934 19934 F DEBUG   :     r12 0000000000001000  r13 00000000000005b7  r14 000077fee9065be0  r15 0000000000008928
09-22 23:07:32.216 19934 19934 F DEBUG   :     rdi 000077fee942bee8  rsi 0000000000001000
09-22 23:07:32.216 19934 19934 F DEBUG   :     rbp 00007fffbcba5150  rsp 00007fffbcba50e8  rip 000077fee9065be0
09-22 23:07:32.216 19934 19934 F DEBUG   : 4 total frames
09-22 23:07:32.216 19934 19934 F DEBUG   : backtrace:
09-22 23:07:32.216 19934 19934 F DEBUG   :       #00 pc 000077fee9065be0  <unknown>
09-22 23:07:32.216 19934 19934 F DEBUG   :       #01 pc 000000000005846f  /apex/com.android.runtime/lib64/bionic/libc.so (__cxa_finalize+287) (BuildId: 52bc34193ef6f6311bbb44f2305d1b1d)
09-22 23:07:32.216 19934 19934 F DEBUG   :       #02 pc 000000000005c83f  /apex/com.android.runtime/lib64/bionic/libc.so (exit+31) (BuildId: 52bc34193ef6f6311bbb44f2305d1b1d)
09-22 23:07:32.216 19934 19934 F DEBUG   :       #03 pc 00000000000520dc  /apex/com.android.runtime/lib64/bionic/libc.so (__libc_init+124) (BuildId: 52bc34193ef6f6311bbb44f2305d1b1d)
09-22 23:07:45.995 19976 19976 F libc    : Fatal signal 11 (SIGSEGV), code 1 (SEGV_MAPERR), fault addr 0x7961e56e6be0 in tid 19976 (Shutdown thread), pid 19976 (Shutdown thread)
09-22 23:07:46.024 19993 19993 F DEBUG   : *** *** *** *** *** *** *** *** *** *** *** *** *** *** *** ***
09-22 23:07:46.024 19993 19993 F DEBUG   : Build fingerprint: 'Samsung/r9q/r9q:15/V417IR/972:user/release-keys'
09-22 23:07:46.024 19993 19993 F DEBUG   : Revision: '0'
09-22 23:07:46.024 19993 19993 F DEBUG   : ABI: 'x86_64'
09-22 23:07:46.024 19993 19993 F DEBUG   : Timestamp: 2026-09-22 23:07:46.002696135+0800
09-22 23:07:46.024 19993 19993 F DEBUG   : Process uptime: 3s
09-22 23:07:46.024 19993 19993 F DEBUG   : Cmdline: uiautomator
09-22 23:07:46.024 19993 19993 F DEBUG   : pid: 19976, tid: 19976, name: Shutdown thread  >>> uiautomator <<<
09-22 23:07:46.024 19993 19993 F DEBUG   : uid: 2000
09-22 23:07:46.024 19993 19993 F DEBUG   : signal 11 (SIGSEGV), code 1 (SEGV_MAPERR), fault addr 0x00007961e56e6be0
09-22 23:07:46.024 19993 19993 F DEBUG   :     rax 0000000000000000  rbx 00007964ab4f089c  rcx 0000000000000001  rdx 0000000000000002
09-22 23:07:46.024 19993 19993 F DEBUG   :     r8  0000000000000020  r9  0000000000020002  r10 0000000000000001  r11 0000000000000206
09-22 23:07:46.024 19993 19993 F DEBUG   :     r12 0000000000001000  r13 00000000000005b7  r14 00007961e56e6be0  r15 0000000000008928
09-22 23:07:46.024 19993 19993 F DEBUG   :     rdi 00007961e5aacee8  rsi 0000000000001000
09-22 23:07:46.024 19993 19993 F DEBUG   :     rbp 00007ffcc3b925c0  rsp 00007ffcc3b92558  rip 00007961e56e6be0
09-22 23:07:46.024 19993 19993 F DEBUG   : 4 total frames
09-22 23:07:46.024 19993 19993 F DEBUG   : backtrace:
09-22 23:07:46.024 19993 19993 F DEBUG   :       #00 pc 00007961e56e6be0  <unknown>
09-22 23:07:46.024 19993 19993 F DEBUG   :       #01 pc 000000000005846f  /apex/com.android.runtime/lib64/bionic/libc.so (__cxa_finalize+287) (BuildId: 52bc34193ef6f6311bbb44f2305d1b1d)
09-22 23:07:46.024 19993 19993 F DEBUG   :       #02 pc 000000000005c83f  /apex/com.android.runtime/lib64/bionic/libc.so (exit+31) (BuildId: 52bc34193ef6f6311bbb44f2305d1b1d)
09-22 23:07:46.024 19993 19993 F DEBUG   :       #03 pc 00000000000520dc  /apex/com.android.runtime/lib64/bionic/libc.so (__libc_init+124) (BuildId: 52bc34193ef6f6311bbb44f2305d1b1d)
09-22 23:08:09.366 20022 20022 F libc    : Fatal signal 11 (SIGSEGV), code 1 (SEGV_MAPERR), fault addr 0x7f1b2e0b1be0 in tid 20022 (Shutdown thread), pid 20022 (Shutdown thread)
09-22 23:08:09.396 20040 20040 F DEBUG   : *** *** *** *** *** *** *** *** *** *** *** *** *** *** *** ***
09-22 23:08:09.396 20040 20040 F DEBUG   : Build fingerprint: 'Samsung/r9q/r9q:15/V417IR/972:user/release-keys'
09-22 23:08:09.396 20040 20040 F DEBUG   : Revision: '0'
09-22 23:08:09.396 20040 20040 F DEBUG   : ABI: 'x86_64'
09-22 23:08:09.396 20040 20040 F DEBUG   : Timestamp: 2026-09-22 23:08:09.373387652+0800
09-22 23:08:09.396 20040 20040 F DEBUG   : Process uptime: 3s
09-22 23:08:09.396 20040 20040 F DEBUG   : Cmdline: uiautomator
09-22 23:08:09.396 20040 20040 F DEBUG   : pid: 20022, tid: 20022, name: Shutdown thread  >>> uiautomator <<<
09-22 23:08:09.396 20040 20040 F DEBUG   : uid: 2000
09-22 23:08:09.396 20040 20040 F DEBUG   : signal 11 (SIGSEGV), code 1 (SEGV_MAPERR), fault addr 0x00007f1b2e0b1be0
09-22 23:08:09.396 20040 20040 F DEBUG   :     rax 0000000000000000  rbx 00007f1e06ff289c  rcx 0000000000000001  rdx 0000000000000002
09-22 23:08:09.396 20040 20040 F DEBUG   :     r8  0000000000000020  r9  0000000000020002  r10 0000000000000001  r11 0000000000000206
09-22 23:08:09.396 20040 20040 F DEBUG   :     r12 0000000000001000  r13 00000000000005b7  r14 00007f1b2e0b1be0  r15 0000000000008928
09-22 23:08:09.396 20040 20040 F DEBUG   :     rdi 00007f1b2e477ee8  rsi 0000000000001000
09-22 23:08:09.396 20040 20040 F DEBUG   :     rbp 00007ffd06424770  rsp 00007ffd06424708  rip 00007f1b2e0b1be0
09-22 23:08:09.396 20040 20040 F DEBUG   : 4 total frames
09-22 23:08:09.396 20040 20040 F DEBUG   : backtrace:
09-22 23:08:09.396 20040 20040 F DEBUG   :       #00 pc 00007f1b2e0b1be0  <unknown>
09-22 23:08:09.396 20040 20040 F DEBUG   :       #01 pc 000000000005846f  /apex/com.android.runtime/lib64/bionic/libc.so (__cxa_finalize+287) (BuildId: 52bc34193ef6f6311bbb44f2305d1b1d)
09-22 23:08:09.396 20040 20040 F DEBUG   :       #02 pc 000000000005c83f  /apex/com.android.runtime/lib64/bionic/libc.so (exit+31) (BuildId: 52bc34193ef6f6311bbb44f2305d1b1d)
09-22 23:08:09.396 20040 20040 F DEBUG   :       #03 pc 00000000000520dc  /apex/com.android.runtime/lib64/bionic/libc.so (__libc_init+124) (BuildId: 52bc34193ef6f6311bbb44f2305d1b1d)
09-22 23:09:49.544 20113 20113 F libc    : Fatal signal 11 (SIGSEGV), code 1 (SEGV_MAPERR), fault addr 0x7dbf62088be0 in tid 20113 (Shutdown thread), pid 20113 (Shutdown thread)
09-22 23:09:49.581 20130 20130 F DEBUG   : *** *** *** *** *** *** *** *** *** *** *** *** *** *** *** ***
09-22 23:09:49.581 20130 20130 F DEBUG   : Build fingerprint: 'Samsung/r9q/r9q:15/V417IR/972:user/release-keys'
09-22 23:09:49.581 20130 20130 F DEBUG   : Revision: '0'
09-22 23:09:49.581 20130 20130 F DEBUG   : ABI: 'x86_64'
09-22 23:09:49.581 20130 20130 F DEBUG   : Timestamp: 2026-09-22 23:09:49.553341097+0800
09-22 23:09:49.581 20130 20130 F DEBUG   : Process uptime: 3s
09-22 23:09:49.581 20130 20130 F DEBUG   : Cmdline: uiautomator
09-22 23:09:49.581 20130 20130 F DEBUG   : pid: 20113, tid: 20113, name: Shutdown thread  >>> uiautomator <<<
09-22 23:09:49.581 20130 20130 F DEBUG   : uid: 2000
09-22 23:09:49.581 20130 20130 F DEBUG   : signal 11 (SIGSEGV), code 1 (SEGV_MAPERR), fault addr 0x00007dbf62088be0
09-22 23:09:49.581 20130 20130 F DEBUG   :     rax 0000000000000000  rbx 00007dc2281ac89c  rcx 0000000000000001  rdx 0000000000000002
09-22 23:09:49.581 20130 20130 F DEBUG   :     r8  0000000000000020  r9  0000000000020002  r10 0000000000000001  r11 0000000000000206
09-22 23:09:49.581 20130 20130 F DEBUG   :     r12 0000000000001000  r13 00000000000005b7  r14 00007dbf62088be0  r15 0000000000008928
09-22 23:09:49.581 20130 20130 F DEBUG   :     rdi 00007dbf6244eee8  rsi 0000000000001000
09-22 23:09:49.581 20130 20130 F DEBUG   :     rbp 00007ffebfe58b70  rsp 00007ffebfe58b08  rip 00007dbf62088be0
09-22 23:09:49.581 20130 20130 F DEBUG   : 4 total frames
09-22 23:09:49.581 20130 20130 F DEBUG   : backtrace:
09-22 23:09:49.581 20130 20130 F DEBUG   :       #00 pc 00007dbf62088be0  <unknown>
09-22 23:09:49.581 20130 20130 F DEBUG   :       #01 pc 000000000005846f  /apex/com.android.runtime/lib64/bionic/libc.so (__cxa_finalize+287) (BuildId: 52bc34193ef6f6311bbb44f2305d1b1d)
09-22 23:09:49.581 20130 20130 F DEBUG   :       #02 pc 000000000005c83f  /apex/com.android.runtime/lib64/bionic/libc.so (exit+31) (BuildId: 52bc34193ef6f6311bbb44f2305d1b1d)
09-22 23:09:49.581 20130 20130 F DEBUG   :       #03 pc 00000000000520dc  /apex/com.android.runtime/lib64/bionic/libc.so (__libc_init+124) (BuildId: 52bc34193ef6f6311bbb44f2305d1b1d)
09-22 23:10:11.817 20146 20146 F libc    : Fatal signal 11 (SIGSEGV), code 1 (SEGV_MAPERR), fault addr 0x70ee25af2be0 in tid 20146 (Shutdown thread), pid 20146 (Shutdown thread)
09-22 23:10:11.855 20162 20162 F DEBUG   : *** *** *** *** *** *** *** *** *** *** *** *** *** *** *** ***
09-22 23:10:11.855 20162 20162 F DEBUG   : Build fingerprint: 'Samsung/r9q/r9q:15/V417IR/972:user/release-keys'
09-22 23:10:11.855 20162 20162 F DEBUG   : Revision: '0'
09-22 23:10:11.855 20162 20162 F DEBUG   : ABI: 'x86_64'
09-22 23:10:11.855 20162 20162 F DEBUG   : Timestamp: 2026-09-22 23:10:11.828343582+0800
09-22 23:10:11.855 20162 20162 F DEBUG   : Process uptime: 3s
09-22 23:10:11.855 20162 20162 F DEBUG   : Cmdline: uiautomator
09-22 23:10:11.855 20162 20162 F DEBUG   : pid: 20146, tid: 20146, name: Shutdown thread  >>> uiautomator <<<
09-22 23:10:11.855 20162 20162 F DEBUG   : uid: 2000
09-22 23:10:11.855 20162 20162 F DEBUG   : signal 11 (SIGSEGV), code 1 (SEGV_MAPERR), fault addr 0x000070ee25af2be0
09-22 23:10:11.855 20162 20162 F DEBUG   :     rax 0000000000000000  rbx 000070f1061f289c  rcx 0000000000000001  rdx 0000000000000002
09-22 23:10:11.855 20162 20162 F DEBUG   :     r8  0000000000000020  r9  0000000000020002  r10 0000000000000001  r11 0000000000000206
09-22 23:10:11.855 20162 20162 F DEBUG   :     r12 0000000000001000  r13 00000000000005b7  r14 000070ee25af2be0  r15 0000000000008928
09-22 23:10:11.855 20162 20162 F DEBUG   :     rdi 000070ee25eb8ee8  rsi 0000000000001000
09-22 23:10:11.855 20162 20162 F DEBUG   :     rbp 00007ffe26c56e00  rsp 00007ffe26c56d98  rip 000070ee25af2be0
09-22 23:10:11.855 20162 20162 F DEBUG   : 4 total frames
09-22 23:10:11.855 20162 20162 F DEBUG   : backtrace:
09-22 23:10:11.855 20162 20162 F DEBUG   :       #00 pc 000070ee25af2be0  <unknown>
09-22 23:10:11.855 20162 20162 F DEBUG   :       #01 pc 000000000005846f  /apex/com.android.runtime/lib64/bionic/libc.so (__cxa_finalize+287) (BuildId: 52bc34193ef6f6311bbb44f2305d1b1d)
09-22 23:10:11.855 20162 20162 F DEBUG   :       #02 pc 000000000005c83f  /apex/com.android.runtime/lib64/bionic/libc.so (exit+31) (BuildId: 52bc34193ef6f6311bbb44f2305d1b1d)
09-22 23:10:11.855 20162 20162 F DEBUG   :       #03 pc 00000000000520dc  /apex/com.android.runtime/lib64/bionic/libc.so (__libc_init+124) (BuildId: 52bc34193ef6f6311bbb44f2305d1b1d)
09-22 23:11:01.868 20268 20268 F libc    : Fatal signal 11 (SIGSEGV), code 1 (SEGV_MAPERR), fault addr 0x7bff0a8d1be0 in tid 20268 (Shutdown thread), pid 20268 (Shutdown thread)
09-22 23:11:01.905 20285 20285 F DEBUG   : *** *** *** *** *** *** *** *** *** *** *** *** *** *** *** ***
09-22 23:11:01.905 20285 20285 F DEBUG   : Build fingerprint: 'Samsung/r9q/r9q:15/V417IR/972:user/release-keys'
09-22 23:11:01.905 20285 20285 F DEBUG   : Revision: '0'
09-22 23:11:01.905 20285 20285 F DEBUG   : ABI: 'x86_64'
09-22 23:11:01.905 20285 20285 F DEBUG   : Timestamp: 2026-09-22 23:11:01.877990442+0800
09-22 23:11:01.905 20285 20285 F DEBUG   : Process uptime: 3s
09-22 23:11:01.905 20285 20285 F DEBUG   : Cmdline: uiautomator
09-22 23:11:01.905 20285 20285 F DEBUG   : pid: 20268, tid: 20268, name: Shutdown thread  >>> uiautomator <<<
09-22 23:11:01.905 20285 20285 F DEBUG   : uid: 2000
09-22 23:11:01.905 20285 20285 F DEBUG   : signal 11 (SIGSEGV), code 1 (SEGV_MAPERR), fault addr 0x00007bff0a8d1be0
09-22 23:11:01.905 20285 20285 F DEBUG   :     rax 0000000000000000  rbx 00007c01d616e89c  rcx 0000000000000001  rdx 0000000000000002
09-22 23:11:01.905 20285 20285 F DEBUG   :     r8  0000000000000020  r9  0000000000020002  r10 0000000000000001  r11 0000000000000206
09-22 23:11:01.905 20285 20285 F DEBUG   :     r12 0000000000001000  r13 00000000000005b7  r14 00007bff0a8d1be0  r15 0000000000008928
09-22 23:11:01.905 20285 20285 F DEBUG   :     rdi 00007bff0ac97ee8  rsi 0000000000001000
09-22 23:11:01.905 20285 20285 F DEBUG   :     rbp 00007ffc9e7d08f0  rsp 00007ffc9e7d0888  rip 00007bff0a8d1be0
09-22 23:11:01.905 20285 20285 F DEBUG   : 4 total frames
09-22 23:11:01.905 20285 20285 F DEBUG   : backtrace:
09-22 23:11:01.905 20285 20285 F DEBUG   :       #00 pc 00007bff0a8d1be0  <unknown>
09-22 23:11:01.905 20285 20285 F DEBUG   :       #01 pc 000000000005846f  /apex/com.android.runtime/lib64/bionic/libc.so (__cxa_finalize+287) (BuildId: 52bc34193ef6f6311bbb44f2305d1b1d)
09-22 23:11:01.905 20285 20285 F DEBUG   :       #02 pc 000000000005c83f  /apex/com.android.runtime/lib64/bionic/libc.so (exit+31) (BuildId: 52bc34193ef6f6311bbb44f2305d1b1d)
09-22 23:11:01.905 20285 20285 F DEBUG   :       #03 pc 00000000000520dc  /apex/com.android.runtime/lib64/bionic/libc.so (__libc_init+124) (BuildId: 52bc34193ef6f6311bbb44f2305d1b1d)
09-22 23:11:23.419 20338 20338 F libc    : Fatal signal 11 (SIGSEGV), code 1 (SEGV_MAPERR), fault addr 0x72758fe85be0 in tid 20338 (Shutdown thread), pid 20338 (Shutdown thread)
09-22 23:11:23.457 20355 20355 F DEBUG   : *** *** *** *** *** *** *** *** *** *** *** *** *** *** *** ***
09-22 23:11:23.457 20355 20355 F DEBUG   : Build fingerprint: 'Samsung/r9q/r9q:15/V417IR/972:user/release-keys'
09-22 23:11:23.457 20355 20355 F DEBUG   : Revision: '0'
09-22 23:11:23.457 20355 20355 F DEBUG   : ABI: 'x86_64'
09-22 23:11:23.457 20355 20355 F DEBUG   : Timestamp: 2026-09-22 23:11:23.428639910+0800
09-22 23:11:23.457 20355 20355 F DEBUG   : Process uptime: 3s
09-22 23:11:23.457 20355 20355 F DEBUG   : Cmdline: uiautomator
09-22 23:11:23.457 20355 20355 F DEBUG   : pid: 20338, tid: 20338, name: Shutdown thread  >>> uiautomator <<<
09-22 23:11:23.457 20355 20355 F DEBUG   : uid: 2000
09-22 23:11:23.457 20355 20355 F DEBUG   : signal 11 (SIGSEGV), code 1 (SEGV_MAPERR), fault addr 0x000072758fe85be0
09-22 23:11:23.457 20355 20355 F DEBUG   :     rax 0000000000000000  rbx 000072785d57589c  rcx 0000000000000001  rdx 0000000000000002
09-22 23:11:23.457 20355 20355 F DEBUG   :     r8  0000000000000020  r9  0000000000020002  r10 0000000000000001  r11 0000000000000206
09-22 23:11:23.457 20355 20355 F DEBUG   :     r12 0000000000001000  r13 00000000000005b7  r14 000072758fe85be0  r15 0000000000008928
09-22 23:11:23.457 20355 20355 F DEBUG   :     rdi 000072759024bee8  rsi 0000000000001000
09-22 23:11:23.457 20355 20355 F DEBUG   :     rbp 00007ffd6b348fe0  rsp 00007ffd6b348f78  rip 000072758fe85be0
09-22 23:11:23.457 20355 20355 F DEBUG   : 4 total frames
09-22 23:11:23.457 20355 20355 F DEBUG   : backtrace:
09-22 23:11:23.457 20355 20355 F DEBUG   :       #00 pc 000072758fe85be0  <unknown>
09-22 23:11:23.457 20355 20355 F DEBUG   :       #01 pc 000000000005846f  /apex/com.android.runtime/lib64/bionic/libc.so (__cxa_finalize+287) (BuildId: 52bc34193ef6f6311bbb44f2305d1b1d)
09-22 23:11:23.457 20355 20355 F DEBUG   :       #02 pc 000000000005c83f  /apex/com.android.runtime/lib64/bionic/libc.so (exit+31) (BuildId: 52bc34193ef6f6311bbb44f2305d1b1d)
09-22 23:11:23.457 20355 20355 F DEBUG   :       #03 pc 00000000000520dc  /apex/com.android.runtime/lib64/bionic/libc.so (__libc_init+124) (BuildId: 52bc34193ef6f6311bbb44f2305d1b1d)
09-22 23:12:21.332 20402 20402 F libc    : Fatal signal 11 (SIGSEGV), code 1 (SEGV_MAPERR), fault addr 0x7bbbb8885be0 in tid 20402 (Shutdown thread), pid 20402 (Shutdown thread)
09-22 23:12:21.357 20419 20419 F DEBUG   : *** *** *** *** *** *** *** *** *** *** *** *** *** *** *** ***
09-22 23:12:21.357 20419 20419 F DEBUG   : Build fingerprint: 'Samsung/r9q/r9q:15/V417IR/972:user/release-keys'
09-22 23:12:21.357 20419 20419 F DEBUG   : Revision: '0'
09-22 23:12:21.357 20419 20419 F DEBUG   : ABI: 'x86_64'
09-22 23:12:21.357 20419 20419 F DEBUG   : Timestamp: 2026-09-22 23:12:21.338877001+0800
09-22 23:12:21.357 20419 20419 F DEBUG   : Process uptime: 3s
09-22 23:12:21.357 20419 20419 F DEBUG   : Cmdline: uiautomator
09-22 23:12:21.357 20419 20419 F DEBUG   : pid: 20402, tid: 20402, name: Shutdown thread  >>> uiautomator <<<
09-22 23:12:21.357 20419 20419 F DEBUG   : uid: 2000
09-22 23:12:21.357 20419 20419 F DEBUG   : signal 11 (SIGSEGV), code 1 (SEGV_MAPERR), fault addr 0x00007bbbb8885be0
09-22 23:12:21.357 20419 20419 F DEBUG   :     rax 0000000000000000  rbx 00007bbf1c78689c  rcx 0000000000000001  rdx 0000000000000002
09-22 23:12:21.357 20419 20419 F DEBUG   :     r8  0000000000000020  r9  0000000000020002  r10 0000000000000001  r11 0000000000000206
09-22 23:12:21.357 20419 20419 F DEBUG   :     r12 0000000000001000  r13 00000000000005b7  r14 00007bbbb8885be0  r15 0000000000008928
09-22 23:12:21.357 20419 20419 F DEBUG   :     rdi 00007bbbb8c4bee8  rsi 0000000000001000
09-22 23:12:21.357 20419 20419 F DEBUG   :     rbp 00007ffce2b5c370  rsp 00007ffce2b5c308  rip 00007bbbb8885be0
09-22 23:12:21.357 20419 20419 F DEBUG   : 4 total frames
09-22 23:12:21.357 20419 20419 F DEBUG   : backtrace:
09-22 23:12:21.357 20419 20419 F DEBUG   :       #00 pc 00007bbbb8885be0  <unknown>
09-22 23:12:21.357 20419 20419 F DEBUG   :       #01 pc 000000000005846f  /apex/com.android.runtime/lib64/bionic/libc.so (__cxa_finalize+287) (BuildId: 52bc34193ef6f6311bbb44f2305d1b1d)
09-22 23:12:21.358 20419 20419 F DEBUG   :       #02 pc 000000000005c83f  /apex/com.android.runtime/lib64/bionic/libc.so (exit+31) (BuildId: 52bc34193ef6f6311bbb44f2305d1b1d)
09-22 23:12:21.358 20419 20419 F DEBUG   :       #03 pc 00000000000520dc  /apex/com.android.runtime/lib64/bionic/libc.so (__libc_init+124) (BuildId: 52bc34193ef6f6311bbb44f2305d1b1d)
09-22 23:12:42.515 20494 20494 F libc    : Fatal signal 11 (SIGSEGV), code 1 (SEGV_MAPERR), fault addr 0x724d39d1fbe0 in tid 20494 (Shutdown thread), pid 20494 (Shutdown thread)
09-22 23:12:42.544 20510 20510 F DEBUG   : *** *** *** *** *** *** *** *** *** *** *** *** *** *** *** ***
09-22 23:12:42.544 20510 20510 F DEBUG   : Build fingerprint: 'Samsung/r9q/r9q:15/V417IR/972:user/release-keys'
09-22 23:12:42.544 20510 20510 F DEBUG   : Revision: '0'
09-22 23:12:42.544 20510 20510 F DEBUG   : ABI: 'x86_64'
09-22 23:12:42.544 20510 20510 F DEBUG   : Timestamp: 2026-09-22 23:12:42.522640697+0800
09-22 23:12:42.544 20510 20510 F DEBUG   : Process uptime: 3s
09-22 23:12:42.544 20510 20510 F DEBUG   : Cmdline: uiautomator
09-22 23:12:42.544 20510 20510 F DEBUG   : pid: 20494, tid: 20494, name: Shutdown thread  >>> uiautomator <<<
09-22 23:12:42.544 20510 20510 F DEBUG   : uid: 2000
09-22 23:12:42.544 20510 20510 F DEBUG   : signal 11 (SIGSEGV), code 1 (SEGV_MAPERR), fault addr 0x0000724d39d1fbe0
09-22 23:12:42.545 20510 20510 F DEBUG   :     rax 0000000000000000  rbx 000072507f17389c  rcx 0000000000000001  rdx 0000000000000002
09-22 23:12:42.545 20510 20510 F DEBUG   :     r8  0000000000000020  r9  0000000000020002  r10 0000000000000001  r11 0000000000000206
09-22 23:12:42.545 20510 20510 F DEBUG   :     r12 0000000000001000  r13 00000000000005b7  r14 0000724d39d1fbe0  r15 0000000000008928
09-22 23:12:42.545 20510 20510 F DEBUG   :     rdi 0000724d3a0e5ee8  rsi 0000000000001000
09-22 23:12:42.545 20510 20510 F DEBUG   :     rbp 00007ffece4e4990  rsp 00007ffece4e4928  rip 0000724d39d1fbe0
09-22 23:12:42.545 20510 20510 F DEBUG   : 4 total frames
09-22 23:12:42.545 20510 20510 F DEBUG   : backtrace:
09-22 23:12:42.545 20510 20510 F DEBUG   :       #00 pc 0000724d39d1fbe0  <unknown>
09-22 23:12:42.545 20510 20510 F DEBUG   :       #01 pc 000000000005846f  /apex/com.android.runtime/lib64/bionic/libc.so (__cxa_finalize+287) (BuildId: 52bc34193ef6f6311bbb44f2305d1b1d)
09-22 23:12:42.545 20510 20510 F DEBUG   :       #02 pc 000000000005c83f  /apex/com.android.runtime/lib64/bionic/libc.so (exit+31) (BuildId: 52bc34193ef6f6311bbb44f2305d1b1d)
09-22 23:12:42.545 20510 20510 F DEBUG   :       #03 pc 00000000000520dc  /apex/com.android.runtime/lib64/bionic/libc.so (__libc_init+124) (BuildId: 52bc34193ef6f6311bbb44f2305d1b1d)
09-22 23:12:50.066 20553 20553 F libc    : Fatal signal 11 (SIGSEGV), code 1 (SEGV_MAPERR), fault addr 0x79d8a589fbe0 in tid 20553 (Shutdown thread), pid 20553 (Shutdown thread)
09-22 23:12:50.096 20570 20570 F DEBUG   : *** *** *** *** *** *** *** *** *** *** *** *** *** *** *** ***
09-22 23:12:50.096 20570 20570 F DEBUG   : Build fingerprint: 'Samsung/r9q/r9q:15/V417IR/972:user/release-keys'
09-22 23:12:50.096 20570 20570 F DEBUG   : Revision: '0'
09-22 23:12:50.096 20570 20570 F DEBUG   : ABI: 'x86_64'
09-22 23:12:50.096 20570 20570 F DEBUG   : Timestamp: 2026-09-22 23:12:50.073952386+0800
09-22 23:12:50.096 20570 20570 F DEBUG   : Process uptime: 3s
09-22 23:12:50.096 20570 20570 F DEBUG   : Cmdline: uiautomator
09-22 23:12:50.096 20570 20570 F DEBUG   : pid: 20553, tid: 20553, name: Shutdown thread  >>> uiautomator <<<
09-22 23:12:50.096 20570 20570 F DEBUG   : uid: 2000
09-22 23:12:50.096 20570 20570 F DEBUG   : signal 11 (SIGSEGV), code 1 (SEGV_MAPERR), fault addr 0x000079d8a589fbe0
09-22 23:12:50.096 20570 20570 F DEBUG   :     rax 0000000000000000  rbx 000079db775f489c  rcx 0000000000000001  rdx 0000000000000002
09-22 23:12:50.096 20570 20570 F DEBUG   :     r8  000079db775ebfa4  r9  0000000000003309  r10 0000000000000000  r11 0000000000000206
09-22 23:12:50.096 20570 20570 F DEBUG   :     r12 0000000000001000  r13 00000000000005b7  r14 000079d8a589fbe0  r15 0000000000008928
09-22 23:12:50.096 20570 20570 F DEBUG   :     rdi 000079d8a5c65ee8  rsi 0000000000001000
09-22 23:12:50.096 20570 20570 F DEBUG   :     rbp 00007ffc22d9c0b0  rsp 00007ffc22d9c048  rip 000079d8a589fbe0
09-22 23:12:50.096 20570 20570 F DEBUG   : 4 total frames
09-22 23:12:50.096 20570 20570 F DEBUG   : backtrace:
09-22 23:12:50.096 20570 20570 F DEBUG   :       #00 pc 000079d8a589fbe0  <unknown>
09-22 23:12:50.096 20570 20570 F DEBUG   :       #01 pc 000000000005846f  /apex/com.android.runtime/lib64/bionic/libc.so (__cxa_finalize+287) (BuildId: 52bc34193ef6f6311bbb44f2305d1b1d)
09-22 23:12:50.096 20570 20570 F DEBUG   :       #02 pc 000000000005c83f  /apex/com.android.runtime/lib64/bionic/libc.so (exit+31) (BuildId: 52bc34193ef6f6311bbb44f2305d1b1d)
09-22 23:12:50.096 20570 20570 F DEBUG   :       #03 pc 00000000000520dc  /apex/com.android.runtime/lib64/bionic/libc.so (__libc_init+124) (BuildId: 52bc34193ef6f6311bbb44f2305d1b1d)
09-22 23:12:56.472 20585 20585 F libc    : Fatal signal 11 (SIGSEGV), code 1 (SEGV_MAPERR), fault addr 0x784c87ceabe0 in tid 20585 (Shutdown thread), pid 20585 (Shutdown thread)
09-22 23:12:56.507 20602 20602 F DEBUG   : *** *** *** *** *** *** *** *** *** *** *** *** *** *** *** ***
09-22 23:12:56.507 20602 20602 F DEBUG   : Build fingerprint: 'Samsung/r9q/r9q:15/V417IR/972:user/release-keys'
09-22 23:12:56.507 20602 20602 F DEBUG   : Revision: '0'
09-22 23:12:56.507 20602 20602 F DEBUG   : ABI: 'x86_64'
09-22 23:12:56.507 20602 20602 F DEBUG   : Timestamp: 2026-09-22 23:12:56.481758239+0800
09-22 23:12:56.507 20602 20602 F DEBUG   : Process uptime: 3s
09-22 23:12:56.507 20602 20602 F DEBUG   : Cmdline: uiautomator
09-22 23:12:56.507 20602 20602 F DEBUG   : pid: 20585, tid: 20585, name: Shutdown thread  >>> uiautomator <<<
09-22 23:12:56.507 20602 20602 F DEBUG   : uid: 2000
09-22 23:12:56.507 20602 20602 F DEBUG   : signal 11 (SIGSEGV), code 1 (SEGV_MAPERR), fault addr 0x0000784c87ceabe0
09-22 23:12:56.507 20602 20602 F DEBUG   :     rax 0000000000000000  rbx 0000784f64bf189c  rcx 0000000000000001  rdx 0000000000000002
09-22 23:12:56.507 20602 20602 F DEBUG   :     r8  0000784f64be8fa4  r9  00000000000032ee  r10 0000000000000000  r11 0000000000000206
09-22 23:12:56.507 20602 20602 F DEBUG   :     r12 0000000000001000  r13 00000000000005b7  r14 0000784c87ceabe0  r15 0000000000008928
09-22 23:12:56.507 20602 20602 F DEBUG   :     rdi 0000784c880b0ee8  rsi 0000000000001000
09-22 23:12:56.507 20602 20602 F DEBUG   :     rbp 00007ffd90c7e700  rsp 00007ffd90c7e698  rip 0000784c87ceabe0
09-22 23:12:56.507 20602 20602 F DEBUG   : 4 total frames
09-22 23:12:56.507 20602 20602 F DEBUG   : backtrace:
09-22 23:12:56.507 20602 20602 F DEBUG   :       #00 pc 0000784c87ceabe0  <unknown>
09-22 23:12:56.507 20602 20602 F DEBUG   :       #01 pc 000000000005846f  /apex/com.android.runtime/lib64/bionic/libc.so (__cxa_finalize+287) (BuildId: 52bc34193ef6f6311bbb44f2305d1b1d)
09-22 23:12:56.507 20602 20602 F DEBUG   :       #02 pc 000000000005c83f  /apex/com.android.runtime/lib64/bionic/libc.so (exit+31) (BuildId: 52bc34193ef6f6311bbb44f2305d1b1d)
09-22 23:12:56.507 20602 20602 F DEBUG   :       #03 pc 00000000000520dc  /apex/com.android.runtime/lib64/bionic/libc.so (__libc_init+124) (BuildId: 52bc34193ef6f6311bbb44f2305d1b1d)
09-22 23:13:25.659 20655 20655 F libc    : Fatal signal 11 (SIGSEGV), code 1 (SEGV_MAPERR), fault addr 0x7018430febe0 in tid 20655 (Shutdown thread), pid 20655 (Shutdown thread)
09-22 23:13:25.698 20672 20672 F DEBUG   : *** *** *** *** *** *** *** *** *** *** *** *** *** *** *** ***
09-22 23:13:25.698 20672 20672 F DEBUG   : Build fingerprint: 'Samsung/r9q/r9q:15/V417IR/972:user/release-keys'
09-22 23:13:25.698 20672 20672 F DEBUG   : Revision: '0'
09-22 23:13:25.698 20672 20672 F DEBUG   : ABI: 'x86_64'
09-22 23:13:25.698 20672 20672 F DEBUG   : Timestamp: 2026-09-22 23:13:25.666825349+0800
09-22 23:13:25.698 20672 20672 F DEBUG   : Process uptime: 3s
09-22 23:13:25.698 20672 20672 F DEBUG   : Cmdline: uiautomator
09-22 23:13:25.698 20672 20672 F DEBUG   : pid: 20655, tid: 20655, name: Shutdown thread  >>> uiautomator <<<
09-22 23:13:25.698 20672 20672 F DEBUG   : uid: 2000
09-22 23:13:25.698 20672 20672 F DEBUG   : signal 11 (SIGSEGV), code 1 (SEGV_MAPERR), fault addr 0x00007018430febe0
09-22 23:13:25.698 20672 20672 F DEBUG   :     rax 0000000000000000  rbx 0000701b0a77189c  rcx 0000000000000001  rdx 0000000000000002
09-22 23:13:25.698 20672 20672 F DEBUG   :     r8  0000000000000020  r9  0000000000020002  r10 0000000000000001  r11 0000000000000206
09-22 23:13:25.698 20672 20672 F DEBUG   :     r12 0000000000001000  r13 00000000000005b7  r14 00007018430febe0  r15 0000000000008928
09-22 23:13:25.698 20672 20672 F DEBUG   :     rdi 00007018434c4ee8  rsi 0000000000001000
09-22 23:13:25.698 20672 20672 F DEBUG   :     rbp 00007ffff2471340  rsp 00007ffff24712d8  rip 00007018430febe0
09-22 23:13:25.698 20672 20672 F DEBUG   : 4 total frames
09-22 23:13:25.698 20672 20672 F DEBUG   : backtrace:
09-22 23:13:25.698 20672 20672 F DEBUG   :       #00 pc 00007018430febe0  <unknown>
09-22 23:13:25.698 20672 20672 F DEBUG   :       #01 pc 000000000005846f  /apex/com.android.runtime/lib64/bionic/libc.so (__cxa_finalize+287) (BuildId: 52bc34193ef6f6311bbb44f2305d1b1d)
09-22 23:13:25.698 20672 20672 F DEBUG   :       #02 pc 000000000005c83f  /apex/com.android.runtime/lib64/bionic/libc.so (exit+31) (BuildId: 52bc34193ef6f6311bbb44f2305d1b1d)
09-22 23:13:25.698 20672 20672 F DEBUG   :       #03 pc 00000000000520dc  /apex/com.android.runtime/lib64/bionic/libc.so (__libc_init+124) (BuildId: 52bc34193ef6f6311bbb44f2305d1b1d)
09-22 23:13:34.782 20704 20704 F libc    : Fatal signal 11 (SIGSEGV), code 1 (SEGV_MAPERR), fault addr 0x7ac286b13be0 in tid 20704 (Shutdown thread), pid 20704 (Shutdown thread)
09-22 23:13:34.818 20721 20721 F DEBUG   : *** *** *** *** *** *** *** *** *** *** *** *** *** *** *** ***
09-22 23:13:34.818 20721 20721 F DEBUG   : Build fingerprint: 'Samsung/r9q/r9q:15/V417IR/972:user/release-keys'
09-22 23:13:34.818 20721 20721 F DEBUG   : Revision: '0'
09-22 23:13:34.818 20721 20721 F DEBUG   : ABI: 'x86_64'
09-22 23:13:34.818 20721 20721 F DEBUG   : Timestamp: 2026-09-22 23:13:34.789437771+0800
09-22 23:13:34.818 20721 20721 F DEBUG   : Process uptime: 4s
09-22 23:13:34.818 20721 20721 F DEBUG   : Cmdline: uiautomator
09-22 23:13:34.818 20721 20721 F DEBUG   : pid: 20704, tid: 20704, name: Shutdown thread  >>> uiautomator <<<
09-22 23:13:34.818 20721 20721 F DEBUG   : uid: 2000
09-22 23:13:34.818 20721 20721 F DEBUG   : signal 11 (SIGSEGV), code 1 (SEGV_MAPERR), fault addr 0x00007ac286b13be0
09-22 23:13:34.818 20721 20721 F DEBUG   :     rax 0000000000000000  rbx 00007ac56fd9a89c  rcx 0000000000000001  rdx 0000000000000002
09-22 23:13:34.818 20721 20721 F DEBUG   :     r8  0000000000000020  r9  0000000000020002  r10 0000000000000001  r11 0000000000000206
09-22 23:13:34.818 20721 20721 F DEBUG   :     r12 0000000000001000  r13 00000000000005b7  r14 00007ac286b13be0  r15 0000000000008928
09-22 23:13:34.818 20721 20721 F DEBUG   :     rdi 00007ac286ed9ee8  rsi 0000000000001000
09-22 23:13:34.818 20721 20721 F DEBUG   :     rbp 00007ffe68fef990  rsp 00007ffe68fef928  rip 00007ac286b13be0
09-22 23:13:34.818 20721 20721 F DEBUG   : 4 total frames
09-22 23:13:34.818 20721 20721 F DEBUG   : backtrace:
09-22 23:13:34.818 20721 20721 F DEBUG   :       #00 pc 00007ac286b13be0  <unknown>
09-22 23:13:34.818 20721 20721 F DEBUG   :       #01 pc 000000000005846f  /apex/com.android.runtime/lib64/bionic/libc.so (__cxa_finalize+287) (BuildId: 52bc34193ef6f6311bbb44f2305d1b1d)
09-22 23:13:34.818 20721 20721 F DEBUG   :       #02 pc 000000000005c83f  /apex/com.android.runtime/lib64/bionic/libc.so (exit+31) (BuildId: 52bc34193ef6f6311bbb44f2305d1b1d)
09-22 23:13:34.818 20721 20721 F DEBUG   :       #03 pc 00000000000520dc  /apex/com.android.runtime/lib64/bionic/libc.so (__libc_init+124) (BuildId: 52bc34193ef6f6311bbb44f2305d1b1d)
